"date","mkt_rf","smb","hml","rmw","cma","rf"
"1963-07-31",-0.0040270213,-0.0047119170,-0.0085038494,0.0066935721,-0.0116792972,0.0026433291
"1963-08-31",0.0508012951,-0.0074082000,0.0154730977,0.0036883778,-0.0038240290,0.0024227972
"1963-09-30",-0.0157279477,-0.0041446826,0.0006670140,-0.0078022225,0.0014677595,0.0028037271
"1963-10-31",0.0251013984,-0.0133038323,0.0001741523,0.0268700400,-0.0208813319,0.0029942796
"1963-11-30",-0.0084811481,-0.0089324338,0.0179835674,-0.0050446692,0.0222443645,0.0027034453
"1963-12-31",0.0182519456,-0.0184193151,-0.0021396558,0.0011361934,-0.0032115598,0.0029441197
"1964-01-31",0.0220600237,0.0006248027,0.0167060748,0.0015746923,0.0147662565,0.0028639073
"1964-02-29",0.0154852283,0.0029895567,0.0280016172,0.0005727179,0.0082859194,0.0026633543
"1964-03-31",0.0141505818,0.0134455125,0.0326264969,-0.0194465901,0.0285544500,0.0031547295
"1964-04-30",0.0011806027,-0.0151284382,-0.0049299412,-0.0130710275,-0.0107846688,0.0028639073
"1964-05-31",0.0145088237,-0.0068177655,0.0191227518,-0.0025166760,0.0021328148,0.0026032135
"1964-06-30",0.0124918576,0.0008789685,0.0069706660,-0.0043480559,0.0010605574,0.0030845318
"1964-07-31",0.0174629860,0.0049918590,0.0068831033,0.0014541228,0.0182173180,0.0028639073
"1964-08-31",-0.0144797668,0.0031692423,-0.0007397629,0.0005766538,0.0035653228,0.0027335519
"1964-09-30",0.0268855308,-0.0034111339,0.0144429793,-0.0044268585,0.0056747397,0.0027335519
"1964-10-31",0.0060305647,0.0091024822,0.0115164883,-0.0007459267,0.0048667197,0.0028639073
"1964-11-30",-0.0002991544,-0.0026267215,-0.0205627181,0.0061835831,-0.0017530887,0.0028538508
"1964-12-31",0.0003336481,-0.0058007294,-0.0247410475,0.0107271502,-0.0164186491,0.0030845318
"1965-01-31",0.0351307846,0.0241334114,0.0019722955,0.0081078594,0.0009535905,0.0028037271
"1965-02-28",0.0045409334,0.0325704481,0.0014559865,0.0034686848,-0.0068144558,0.0030443816
"1965-03-31",-0.0131752610,0.0202653294,0.0105128798,-0.0030345442,0.0069674168,0.0036864841
"1965-04-30",0.0310021774,0.0116455306,0.0067684568,0.0029793983,-0.0218116184,0.0031547295
"1965-05-31",-0.0077170607,0.0002602104,-0.0157104842,-0.0042168181,0.0067808437,0.0032048687
"1965-06-30",-0.0548936498,-0.0441723955,0.0040675416,0.0017675299,0.0040437132,0.0035259199
"1965-07-31",0.0142549031,0.0104165747,0.0215516968,-0.0138238371,-0.0002478039,0.0031547295
"1965-08-31",0.0272101730,0.0264973686,-0.0091012476,0.0200679510,-0.0075241694,0.0033052027
"1965-09-30",0.0285673707,0.0057939531,-0.0011596212,-0.0081052241,0.0077812966,0.0031547295
"1965-10-31",0.0259396330,0.0333517102,0.0149545647,0.0118048760,-0.0071000403,0.0031547295
"1965-11-30",-0.0001598077,0.0520852468,0.0018594924,-0.0102812079,-0.0090942528,0.0034054966
"1965-12-31",0.0099998116,0.0260950605,0.0195671834,-0.0127767787,-0.0041364778,0.0033052027
"1966-01-31",0.0071608767,0.0480163637,0.0309857652,-0.0247429750,-0.0009274818,0.0037868118
"1966-02-28",-0.0121780432,0.0496948067,0.0035467182,-0.0006579407,-0.0151576402,0.0034255461
"1966-03-31",-0.0248900483,0.0023534449,-0.0215969315,0.0129855938,-0.0002719231,0.0039173204
"1966-04-30",0.0209541171,0.0333172834,-0.0024093443,0.0036545554,-0.0090350051,0.0034054966
"1966-05-31",-0.0565789137,-0.0535496530,-0.0163371520,0.0179972595,-0.0164779184,0.0042084106
"1966-06-30",-0.0145589436,0.0136807105,0.0052497141,0.0005699778,0.0077640655,0.0037466835
"1966-07-31",-0.0161531784,-0.0050474889,0.0097068358,-0.0046504778,0.0177309213,0.0036061627
"1966-08-31",-0.0790103926,-0.0325261688,0.0051108964,0.0003701397,0.0073325526,0.0041482075
"1966-09-30",-0.0104921437,-0.0113194201,0.0038453745,-0.0151716439,0.0244172695,0.0039975901
"1966-10-31",0.0384251216,-0.0625439398,0.0277402790,-0.0346180825,0.0416566570,0.0046301782
"1966-11-30",0.0141249133,0.0333764520,-0.0435194565,0.0411816157,-0.0619832557,0.0040076091
"1966-12-31",0.0013347156,0.0193038411,-0.0109593867,0.0068366756,-0.0012152856,0.0039975901
"1967-01-31",0.0814864241,0.0836619175,0.0202994031,0.0052531708,-0.0266388995,0.0042084106
"1967-02-28",0.0080290740,0.0304852158,-0.0210287559,0.0192888053,-0.0096087844,0.0036161798
"1967-03-31",0.0399624464,0.0183176237,0.0027224376,0.0085831913,-0.0145470923,0.0039674934
"1967-04-30",0.0386318330,0.0041508710,-0.0235183557,0.0236627816,-0.0361432937,0.0032048687
"1967-05-31",-0.0436436571,0.0254466387,0.0060534476,-0.0178457880,0.0163120002,0.0033052027
"1967-06-30",0.0241422230,0.0639733925,0.0088062766,-0.0072322089,-0.0236427331,0.0026433291
"1967-07-31",0.0458064271,0.0333325825,0.0249235003,0.0048004663,0.0255722202,0.0032048687
"1967-08-31",-0.0089042855,0.0074649219,0.0148659024,0.0045786415,0.0142088155,0.0032249637
"1967-09-30",0.0308040323,0.0237782872,-0.0231941526,0.0018130387,-0.0089539271,0.0032048687
"1967-10-31",-0.0310199417,0.0050709481,-0.0344892620,0.0083582313,-0.0261238988,0.0039674934
"1967-11-30",0.0036852213,-0.0007333153,-0.0173340110,0.0133069723,-0.0234248007,0.0036061627
"1967-12-31",0.0306196458,0.0547078920,-0.0033680415,-0.0042220775,-0.0013713994,0.0034054966
"1968-01-31",-0.0402386503,0.0475584957,0.0488564107,-0.0479544155,0.0683863810,0.0039674934
"1968-02-29",-0.0374577710,-0.0299315750,0.0110699778,-0.0006475225,0.0255738322,0.0038068478
"1968-03-31",0.0019971350,-0.0145768333,-0.0071895724,0.0120670143,-0.0125691856,0.0037868118
"1968-04-30",0.0899529162,0.0574052210,-0.0087535817,0.0260548855,-0.0327174496,0.0042083896
"1968-05-31",0.0223638103,0.0691071380,0.0084666123,0.0041557118,-0.0180302556,0.0044092523
"1968-06-30",0.0065395746,-0.0027782403,0.0060779662,-0.0128958085,0.0259798379,0.0042585106
"1968-07-31",-0.0268821508,-0.0134156358,0.0552671888,-0.0303944287,0.0370694888,0.0047706773
"1968-08-31",0.0133348458,0.0228029354,0.0097978153,-0.0063116609,0.0035617317,0.0041481036
"1968-09-30",0.0409917982,0.0266877680,0.0026263577,-0.0189713084,0.0089034230,0.0042585106
"1968-10-31",0.0040968062,-0.0043557691,0.0287573229,-0.0133388517,0.0286617545,0.0043288241
"1968-11-30",0.0544826245,0.0230067822,-0.0085061888,0.0038615027,-0.0239823054,0.0042585106
"1968-12-31",-0.0391816186,0.0374862562,0.0005584526,-0.0178827079,0.0174893456,0.0043288241
"1969-01-31",-0.0125740366,-0.0047583244,0.0172749028,-0.0157282820,0.0139287923,0.0052933269
"1969-02-28",-0.0583030342,-0.0429597507,0.0089725464,0.0236301848,0.0068989138,0.0046903572
"1969-03-31",0.0267621884,-0.0045712774,-0.0036784293,-0.0123617716,-0.0019404431,0.0046100649
"1969-04-30",0.0144162325,-0.0075069007,0.0003213472,0.0025675355,0.0002767058,0.0052631458
"1969-05-31",-0.0007002654,-0.0018295285,0.0044696770,-0.0082942098,0.0132516796,0.0048411252
"1969-06-30",-0.0721376244,-0.0585080622,-0.0109152877,0.0461511792,-0.0158382514,0.0050521144
"1969-07-31",-0.0697730490,-0.0354365373,0.0138669104,0.0144390464,0.0200901493,0.0052631458
"1969-08-31",0.0469460056,0.0053478884,-0.0368879296,0.0121352293,-0.0386769178,0.0050521144
"1969-09-30",-0.0291250113,0.0136471273,-0.0327866882,0.0354281327,-0.0091424775,0.0063189360
"1969-10-31",0.0505133538,0.0368549187,-0.0295275876,0.0003768504,-0.0190864550,0.0059971340
"1969-11-30",-0.0377597113,-0.0242678059,-0.0126789917,0.0141772891,0.0025575772,0.0051424850
"1969-12-31",-0.0263230029,-0.0371159147,-0.0309672837,0.0251116789,-0.0219154814,0.0063994647
"1970-01-31",-0.0800160226,0.0332668979,0.0328371728,-0.0186830496,0.0419865480,0.0061076935
"1970-02-28",0.0515642962,-0.0228176394,0.0358254337,-0.0229495587,0.0282174353,0.0060975422
"1970-03-31",-0.0104605876,-0.0239751976,0.0441169465,-0.0086876171,0.0447194209,0.0056853352
"1970-04-30",-0.1093686381,-0.0699620097,0.0752006245,-0.0069637672,0.0686627348,0.0050722387
"1970-05-31",-0.0690022265,-0.0449079160,0.0318729862,-0.0138250946,0.0354446907,0.0052631458
"1970-06-30",-0.0577141294,-0.0225613309,0.0061962798,0.0028031693,0.0282387822,0.0057356427
"1970-07-31",0.0687379103,-0.0066394479,0.0082168421,-0.0005715609,0.0169993891,0.0052933269
"1970-08-31",0.0448340195,0.0146400084,0.0093757047,0.0054560027,-0.0021821205,0.0052631458
"1970-09-30",0.0419681019,0.0822992867,-0.0502724857,0.0024281843,-0.0542046763,0.0052631458
"1970-10-31",-0.0225591709,-0.0456676038,0.0029769007,0.0195413369,0.0243358719,0.0046302014
"1970-11-30",0.0460475938,-0.0382771211,0.0148401511,0.0169913765,0.0154659533,0.0046100649
"1970-12-31",0.0571959972,0.0279795617,0.0084928876,0.0020340335,0.0013276030,0.0041883497
"1971-01-31",0.0482449102,0.0721953973,0.0130470601,-0.0199923580,-0.0020776257,0.0038068668
"1971-02-28",0.0140281033,0.0202947981,-0.0127785240,0.0063585432,-0.0076608722,0.0032349467
"1971-03-31",0.0414883460,0.0203271128,-0.0375567763,0.0189355155,-0.0252320060,0.0029942796
"1971-04-30",0.0314430391,-0.0035501326,0.0067616249,-0.0155432752,0.0069730194,0.0027335519
"1971-05-31",-0.0399530778,-0.0119622923,-0.0151175643,0.0155854499,0.0026736677,0.0030042788
"1971-06-30",-0.0000804767,-0.0148803794,-0.0199427208,0.0155809663,-0.0178888165,0.0037466835
"1971-07-31",-0.0451527786,-0.0154388279,0.0013826352,0.0055887909,0.0163989807,0.0039975901
"1971-08-31",0.0349129182,-0.0013271808,0.0261796975,-0.0033574003,0.0254161450,0.0046302014
"1971-09-30",-0.0084238853,0.0023723929,-0.0289207696,0.0254484089,-0.0151224680,0.0035760755
"1971-10-31",-0.0439589653,-0.0174061932,-0.0047137715,0.0156939150,-0.0133862171,0.0035760755
"1971-11-30",-0.0046415685,-0.0291151993,-0.0166058845,0.0247429682,-0.0035293333,0.0037868118
"1971-12-31",0.0869117870,0.0305528657,-0.0048473250,-0.0040459335,-0.0170607197,0.0037466835
"1972-01-31",0.0248340997,0.0619967038,0.0190039043,-0.0134983517,0.0029281665,0.0029441197
"1972-02-29",0.0287755722,0.0094078287,-0.0263479775,0.0160762843,-0.0052523762,0.0024027380
"1972-03-31",0.0062294797,-0.0051606846,-0.0170212134,0.0155387007,-0.0018316297,0.0026433291
"1972-04-30",0.0026044928,0.0019606499,0.0018661449,-0.0059058250,-0.0091912883,0.0028037271
"1972-05-31",0.0125719499,-0.0311064768,-0.0268093765,0.0230904818,-0.0183951767,0.0030845318
"1972-06-30",-0.0241813615,-0.0033211441,-0.0259030395,0.0177228954,-0.0032116173,0.0028639073
"1972-07-31",-0.0079578695,-0.0282427867,0.0083534115,0.0102292382,-0.0055182934,0.0032048687
"1972-08-31",0.0327462067,-0.0337853538,0.0471567600,-0.0201683521,0.0291718423,0.0027636463
"1972-09-30",-0.0110787463,-0.0226687219,0.0044385414,0.0174164722,-0.0202492868,0.0034054966
"1972-10-31",0.0050039601,-0.0255389890,0.0128984100,-0.0008250008,-0.0005196947,0.0039674934
"1972-11-30",0.0453820327,-0.0053558631,0.0475513264,-0.0179020435,0.0330793309,0.0038068668
"1972-12-31",0.0068834030,-0.0178989589,-0.0226984552,0.0262926301,-0.0220039081,0.0038068478
"1973-01-31",-0.0326477046,-0.0289710428,0.0281199377,0.0037462131,0.0098867249,0.0044192733
"1973-02-28",-0.0481319020,-0.0422578609,0.0187490341,-0.0044317413,0.0006323056,0.0041882867
"1973-03-31",-0.0131542637,-0.0229540024,0.0272014800,-0.0100982956,0.0063676461,0.0046302014
"1973-04-30",-0.0565112250,-0.0319030195,0.0617548363,-0.0171763570,0.0287334234,0.0052128641
"1973-05-31",-0.0294046465,-0.0618524165,0.0017229049,0.0201409487,-0.0174123454,0.0050722387
"1973-06-30",-0.0153744367,-0.0259760929,0.0137597692,-0.0030414719,0.0027985076,0.0050521144
"1973-07-31",0.0499311582,0.0682725020,-0.0478531021,-0.0010716011,-0.0305558360,0.0063189360
"1973-08-31",-0.0379892263,-0.0179061051,0.0111617860,-0.0134529530,0.0116155602,0.0069228179
"1973-09-30",0.0473666925,0.0335569097,0.0213520393,-0.0218313076,0.0173737655,0.0068622069
"1973-10-31",-0.0105883324,-0.0025396811,0.0174298707,-0.0199782022,0.0260548474,0.0064598741
"1973-11-30",-0.1272886901,-0.0821166767,0.0487710809,-0.0320840898,0.0182038730,0.0054742194
"1973-12-31",0.0062579179,-0.0456270433,0.0396361183,-0.0274662862,0.0215040584,0.0064194934
"1974-01-31",-0.0015901951,0.1025128527,0.0575721144,-0.0282012081,0.0434745747,0.0061781443
"1974-02-28",-0.0044109782,0.0013927707,0.0248753889,-0.0189667916,0.0258523826,0.0059064620
"1974-03-31",-0.0283501003,0.0267018845,-0.0018664458,0.0300056068,0.0033471643,0.0054742194
"1974-04-30",-0.0526038386,-0.0062717481,0.0106044710,0.0297589400,0.0193202171,0.0075872782
"1974-05-31",-0.0461779568,-0.0336635180,-0.0215538363,0.0549074954,-0.0003016123,0.0075067642
"1974-06-30",-0.0282885898,-0.0014413893,0.0065078907,0.0062808850,0.0312626496,0.0060171308
"1974-07-31",-0.0802424981,0.0201852103,0.0549467719,-0.0336357256,0.0489354290,0.0070637049
"1974-08-31",-0.0930490527,0.0017973988,0.0267544254,-0.0030176602,0.0269767018,0.0059568703
"1974-09-30",-0.1170782120,0.0133898789,0.0605037434,-0.0455904485,0.0650706049,0.0080304731
"1974-10-31",0.1608051447,-0.0625350484,-0.0866440887,-0.0003589953,-0.0256776523,0.0050722641
"1974-11-30",-0.0450062867,-0.0151268130,-0.0030906219,-0.0348890472,0.0301595211,0.0054138735
"1974-12-31",-0.0341796943,-0.0453601457,-0.0003519708,-0.0071785815,0.0354288580,0.0069529169
"1975-01-31",0.1330727943,0.1112093901,0.0715065140,-0.0064914531,-0.0086948863,0.0057356427
"1975-02-28",0.0555346716,-0.0068921345,-0.0430639440,0.0111769167,-0.0207832709,0.0043790577
"1975-03-31",0.0263432531,0.0382322757,0.0238620096,0.0113076584,-0.0117034021,0.0042083896
"1975-04-30",0.0421232039,-0.0063925460,-0.0107209182,0.0133134290,-0.0131784900,0.0044092523
"1975-05-31",0.0517008503,0.0278455331,-0.0369097006,-0.0101349561,-0.0046640574,0.0044192733
"1975-06-30",0.0481153339,0.0121798921,0.0125260380,-0.0245399190,0.0098125226,0.0039975901
"1975-07-31",-0.0655827596,0.0362680477,0.0182338022,0.0043752128,0.0129510103,0.0048511968
"1975-08-31",-0.0282468510,-0.0285410457,-0.0085860802,0.0107972259,-0.0094944234,0.0048411252
"1975-09-30",-0.0424475584,-0.0014697315,0.0025404172,0.0059635102,0.0052773814,0.0052631458
"1975-10-31",0.0528152322,-0.0407131360,0.0030381178,-0.0041415359,0.0216923835,0.0055345973
"1975-11-30",0.0265741800,-0.0108109701,0.0192485451,-0.0058165346,0.0167651885,0.0041882867
"1975-12-31",-0.0162510527,-0.0002013018,0.0182807403,-0.0012390856,0.0055488588,0.0048511968
"1976-01-31",0.1214035384,0.0567964464,0.0762976267,-0.0155423230,0.0218879339,0.0046301782
"1976-02-29",0.0034334309,0.0778643880,0.0558866720,-0.0234582936,0.0373093998,0.0034255461
"1976-03-31",0.0230347824,-0.0134052527,-0.0000130213,-0.0045251764,0.0108876878,0.0039173204
"1976-04-30",-0.0147665860,0.0014261679,-0.0005812742,0.0045862525,-0.0111592574,0.0042084106
"1976-05-31",-0.0138227761,-0.0113985391,-0.0129036440,0.0254794373,-0.0145284860,0.0038068668
"1976-06-30",0.0403868555,-0.0108923155,0.0067956478,-0.0061110005,0.0095109729,0.0044092523
"1976-07-31",-0.0107483721,0.0059665341,0.0169009838,-0.0109625406,0.0025816160,0.0046301782
"1976-08-31",-0.0056044277,-0.0213509718,0.0081168275,-0.0044986008,-0.0062030300,0.0041883497
"1976-09-30",0.0205572533,0.0016395449,-0.0035249258,0.0095219646,-0.0108782588,0.0044192733
"1976-10-31",-0.0242392918,0.0006840249,-0.0013351407,-0.0023306150,-0.0036306566,0.0039975901
"1976-11-30",0.0038220079,0.0263292903,0.0154586259,-0.0138584785,0.0008617562,0.0040076091
"1976-12-31",0.0565814249,0.0341810160,0.0207424163,-0.0062053234,0.0216004100,0.0039674934
"1977-01-31",-0.0400507012,0.0610250206,0.0445649425,-0.0053075726,0.0199330069,0.0035760755
"1977-02-28",-0.0193520760,0.0108066463,0.0053923414,-0.0013183113,-0.0018192700,0.0034255461
"1977-03-31",-0.0135872260,0.0126016557,0.0097231966,-0.0033123546,-0.0009202973,0.0036864841
"1977-04-30",0.0014722115,0.0055520954,0.0345299268,-0.0199275014,0.0109304662,0.0038068668
"1977-05-31",-0.0145420387,0.0129293778,0.0083130420,0.0033845754,0.0014823879,0.0037868118
"1977-06-30",0.0471490499,0.0194015313,-0.0052195561,0.0081137143,-0.0108564946,0.0039674934
"1977-07-31",-0.0170989099,0.0179001041,-0.0070158225,0.0086156742,0.0004695979,0.0041882867
"1977-08-31",-0.0176543698,0.0092767568,-0.0282817741,0.0106209826,-0.0071077272,0.0043791455
"1977-09-30",-0.0028855261,0.0161788431,-0.0027291313,0.0096160112,-0.0059899013,0.0044192733
"1977-10-31",-0.0436612668,0.0141176570,0.0161884916,-0.0006170494,-0.0065082169,0.0048411252
"1977-11-30",0.0397290528,0.0337440417,0.0023493656,-0.0004208958,0.0063085619,0.0050521144
"1977-12-31",0.0025237024,0.0158623917,-0.0037463898,0.0092235181,-0.0064908778,0.0048411252
"1978-01-31",-0.0601504908,0.0282998570,0.0344756594,-0.0169121742,0.0160122529,0.0048411252
"1978-02-28",-0.0140587459,0.0370860869,0.0076011340,0.0035852070,0.0104300021,0.0045698630
"1978-03-31",0.0282455282,0.0356198654,0.0117236608,-0.0056976051,0.0182246657,0.0052933269
"1978-04-30",0.0784581723,-0.0032861866,-0.0325739511,0.0267808841,-0.0126489751,0.0054138735
"1978-05-31",0.0171408126,0.0436842929,-0.0062651525,0.0022595022,0.0029808351,0.0050722387
"1978-06-30",-0.0169766414,0.0164684626,0.0061619941,-0.0148301600,0.0002723503,0.0052933269
"1978-07-31",0.0509001383,0.0019272962,-0.0094927219,0.0141656594,-0.0063970404,0.0056149211
"1978-08-31",0.0376494507,0.0475206313,-0.0055564147,0.0144246491,0.0049574079,0.0055345973
"1978-09-30",-0.0145544053,-0.0038026055,0.0186309901,-0.0068091461,0.0161932648,0.0062182930
"1978-10-31",-0.1183573648,-0.1121363048,0.0165276805,0.0020521720,0.0119002225,0.0068422450
"1978-11-30",0.0267502331,0.0284523440,-0.0216132107,0.0111952133,-0.0119491683,0.0069529169
"1978-12-31",0.0086376696,0.0095410445,-0.0220143019,0.0206828076,-0.0144330714,0.0078289667
"1979-01-31",0.0416754322,0.0358245323,0.0214666831,-0.0228948379,0.0145740837,0.0077283636
"1979-02-28",-0.0357326245,0.0054496129,0.0123398734,-0.0119499041,0.0108411351,0.0072447457
"1979-03-31",0.0563851711,0.0293274987,-0.0060358984,0.0059962254,0.0025820086,0.0081717020
"1979-04-30",-0.0003855586,0.0236254195,0.0102246226,0.0109299888,0.0021840755,0.0080304731
"1979-05-31",-0.0218150478,0.0012935805,0.0129582107,-0.0135331342,-0.0038198113,0.0081717020
"1979-06-30",0.0378478997,0.0089006374,0.0139350998,-0.0152359389,-0.0048553230,0.0080103971
"1979-07-31",0.0078935205,0.0117917529,0.0159746703,-0.0018574916,0.0053713049,0.0075872782
"1979-08-31",0.0549355939,0.0183045191,-0.0143503507,0.0156717981,-0.0134588604,0.0076176154
"1979-09-30",-0.0083230199,-0.0024420833,-0.0089013923,0.0105781237,0.0055612452,0.0082016951
"1979-10-31",-0.0803794866,-0.0365458151,-0.0203567198,0.0119926992,0.0014524303,0.0087766306
"1979-11-30",0.0520927923,0.0225234960,-0.0300140047,0.0007631688,-0.0177910180,0.0099165274
"1979-12-31",0.0180452194,0.0421680926,-0.0188850929,-0.0064189095,-0.0094962115,0.0094420896
"1980-01-31",0.0547567977,0.0175678371,0.0166899985,-0.0148578140,0.0188378026,0.0079500096
"1980-02-29",-0.0121952276,-0.0159756734,0.0060544294,0.0014198372,0.0309677813,0.0088368813
"1980-03-31",-0.1277134628,-0.0774499370,-0.0124127354,0.0164088699,-0.0125634395,0.0120384759
"1980-04-30",0.0395378577,0.0091935555,0.0094078771,-0.0206886288,0.0023823954,0.0124633749
"1980-05-31",0.0521753988,0.0189040368,0.0035496609,0.0027187062,-0.0040325177,0.0080103971
"1980-06-30",0.0302847247,0.0136416473,-0.0088074549,-0.0005803237,-0.0092016927,0.0061076935
"1980-07-31",0.0643158887,0.0361998362,-0.0571928158,0.0374785496,-0.0222242843,0.0052933269
"1980-08-31",0.0179484981,0.0416225771,-0.0249038182,0.0202235977,-0.0068561590,0.0063189360
"1980-09-30",0.0217274324,0.0052029196,-0.0479905054,0.0206225022,-0.0287404543,0.0075872782
"1980-10-31",0.0103312515,0.0213383703,-0.0296158288,0.0194009484,-0.0147753533,0.0094726516
"1980-11-30",0.0953981363,-0.0309089520,-0.0739300788,0.0410660482,-0.0498946565,0.0095830994
"1980-12-31",-0.0439429442,-0.0036774081,0.0266938218,-0.0130579321,0.0122721704,0.0130607283
"1981-01-31",-0.0499727398,0.0354814407,0.0706731836,-0.0358596060,0.0449049343,0.0103405778
"1981-02-28",0.0057385743,-0.0062414919,0.0083201674,0.0035545104,0.0205680346,0.0106937962
"1981-03-31",0.0357593433,0.0272012552,0.0051841725,-0.0222097283,-0.0058770683,0.0121701344
"1981-04-30",-0.0215714499,0.0484039672,0.0234491688,0.0071907999,0.0149637603,0.0107647978
"1981-05-31",0.0011036392,0.0233054775,-0.0043930053,0.0043247022,-0.0176057772,0.0114619426
"1981-06-30",-0.0241882164,-0.0096831300,0.0537256123,-0.0145682044,0.0289080243,0.0135063057
"1981-07-31",-0.0154805836,-0.0198027671,-0.0067117314,0.0106002833,-0.0302118940,0.0123927128
"1981-08-31",-0.0700432042,-0.0192823794,0.0515302405,-0.0024582881,0.0151472585,0.0128884437
"1981-09-30",-0.0710347303,-0.0269594168,0.0526714971,0.0004151626,0.0278930450,0.0124633749
"1981-10-31",0.0485201959,0.0205211801,-0.0393429464,0.0316236714,-0.0260192483,0.0119476027
"1981-11-30",0.0334473753,-0.0142732627,0.0178457591,0.0014068870,0.0056468884,0.0106535411
"1981-12-31",-0.0360068816,0.0116876306,0.0070130850,0.0018744440,0.0245465028,0.0088370587
"1982-01-31",-0.0326021611,-0.0128047701,0.0312506114,-0.0145819501,0.0209792800,0.0080304731
"1982-02-28",-0.0581829937,0.0036913947,0.0649655738,-0.0358268751,0.0488852924,0.0091595058
"1982-03-31",-0.0176818663,-0.0005066370,0.0352486183,-0.0128583193,0.0228662281,0.0097047607
"1982-04-30",0.0316215175,0.0109443732,-0.0301048262,0.0144272302,-0.0011355262,0.0111891875
"1982-05-31",-0.0390170299,0.0036117479,0.0181924225,0.0097132866,0.0002301998,0.0106535411
"1982-06-30",-0.0308569258,-0.0041308607,0.0176705032,0.0005374159,0.0254638460,0.0095028346
"1982-07-31",-0.0311946745,0.0098107044,0.0011998066,0.0105427527,0.0149397608,0.0105526666
"1982-08-31",0.1112518052,-0.0413008909,0.0096525690,-0.0166634129,0.0013122029,0.0077283636
"1982-09-30",0.0127511856,0.0241090593,0.0018593196,0.0211802855,-0.0013785993,0.0050521144
"1982-10-31",0.1120391993,0.0154901687,-0.0326786064,0.0019031671,-0.0030837959,0.0058964932
"1982-11-30",0.0464365675,0.0414628651,-0.0196640716,-0.0085313370,0.0016076828,0.0063189360
"1982-12-31",0.0059553539,-0.0017546839,-0.0016429900,0.0001642841,0.0096384910,0.0068422450
"1983-01-31",0.0354951322,0.0313877072,-0.0080550176,-0.0143596297,-0.0042798010,0.0069529169
"1983-02-28",0.0258354913,0.0269453097,0.0049202835,-0.0045507332,0.0091619614,0.0060975422
"1983-03-31",0.0284416863,0.0134378416,0.0202007129,-0.0011922261,0.0269556935,0.0062284786
"1983-04-30",0.0662550957,0.0044805732,0.0048462918,-0.0017369264,0.0145601716,0.0072246773
"1983-05-31",0.0053950927,0.0619235326,-0.0127636703,-0.0175036955,-0.0145265640,0.0069529169
"1983-06-30",0.0303191916,0.0107558316,-0.0373183759,0.0248113635,-0.0080059525,0.0066208316
"1983-07-31",-0.0407426662,0.0093691231,0.0579598287,-0.0008301093,0.0294503228,0.0074260688
"1983-08-31",-0.0051452386,-0.0430567612,0.0565811270,0.0050820860,0.0192419007,0.0076176154
"1983-09-30",0.0091264076,0.0021875572,0.0100471891,0.0118420672,0.0056854638,0.0075872782
"1983-10-31",-0.0342704447,-0.0394222338,0.0536038960,-0.0083066223,0.0311797198,0.0075872782
"1983-11-30",0.0217097078,0.0178738082,-0.0063483909,-0.0049233497,0.0061653810,0.0069529169
"1983-12-31",-0.0181251145,-0.0050027512,0.0169504169,0.0154846424,0.0123365499,0.0071643284
"1984-01-31",-0.0199682261,-0.0004487648,0.0784433245,-0.0102087949,0.0304067824,0.0075872782
"1984-02-29",-0.0478397726,-0.0173091512,0.0359289536,0.0098108342,0.0160735548,0.0072246773
"1984-03-31",0.0062884179,-0.0033140780,0.0043740418,-0.0093881280,0.0106272315,0.0072852113
"1984-04-30",-0.0050722478,-0.0104703580,0.0124880843,0.0331872716,0.0075828942,0.0082320177
"1984-05-31",-0.0593304046,0.0004926654,0.0017665394,0.0251721913,-0.0057376837,0.0077283636
"1984-06-30",0.0178628955,-0.0003855080,-0.0253190914,0.0304080725,-0.0145513043,0.0075872782
"1984-07-31",-0.0270767088,-0.0230181716,0.0052347275,0.0384505052,-0.0226129907,0.0082220200
"1984-08-31",0.1018415531,-0.0035278047,-0.0179405953,-0.0080740346,-0.0086943994,0.0083128716
"1984-09-30",-0.0079870843,-0.0008864256,0.0544736026,0.0144731235,0.0253607824,0.0085847160
"1984-10-31",-0.0084363901,-0.0143044195,0.0059420501,0.0118431256,-0.0117911617,0.0099369208
"1984-11-30",-0.0174387405,-0.0110897337,0.0405037838,0.0087030520,0.0205519996,0.0073757821
"1984-12-31",0.0182337487,-0.0063373961,-0.0000595328,0.0102025866,-0.0136000048,0.0064194934
"1985-01-31",0.0793694516,0.0311675491,-0.0491453829,-0.0075989397,-0.0322908403,0.0063994647
"1985-02-28",0.0120768105,0.0081876711,-0.0042664981,0.0146647598,0.0114956405,0.0057154162
"1985-03-31",-0.0082687821,-0.0153128602,0.0414664682,0.0120280856,0.0295549487,0.0061076935
"1985-04-30",-0.0095387955,-0.0012626743,0.0381077075,0.0160055352,0.0070631408,0.0071643284
"1985-05-31",0.0505849486,-0.0223260138,-0.0087672889,0.0125444853,-0.0136026180,0.0066208316
"1985-06-30",0.0127387959,0.0012877334,0.0036775037,0.0167105744,-0.0091377493,0.0056149211
"1985-07-31",-0.0073824019,0.0305748849,-0.0162296211,-0.0025158405,0.0001027481,0.0061781443
"1985-08-31",-0.0100924183,-0.0038689500,0.0233027305,-0.0009123404,0.0193393420,0.0055144616
"1985-09-30",-0.0450308268,-0.0186424138,0.0137186443,0.0135742473,0.0149477084,0.0060975422
"1985-10-31",0.0399374630,-0.0158024603,0.0083130755,0.0077022130,-0.0107272789,0.0064598741
"1985-11-30",0.0645386199,-0.0007373732,-0.0272773869,0.0024827684,-0.0223918884,0.0060171308
"1985-12-31",0.0385327794,-0.0046215081,-0.0145098651,0.0097051112,-0.0169646716,0.0065302207
"1986-01-31",0.0067098393,0.0091350576,0.0056689666,-0.0196575727,-0.0206849196,0.0055144616
"1986-02-28",0.0710089180,-0.0080792334,-0.0087308420,0.0108310575,-0.0125887672,0.0053334277
"1986-03-31",0.0485087528,-0.0060828450,-0.0041461546,0.0085997368,0.0092551831,0.0060171308
"1986-04-30",-0.0130521881,0.0285227635,-0.0286997339,0.0299625798,0.0004467077,0.0052933269
"1986-05-31",0.0461427311,-0.0130107378,-0.0010655956,0.0199427663,0.0109262136,0.0048411252
"1986-06-30",0.0102396913,-0.0090200489,0.0131284311,0.0186038043,0.0082973570,0.0052631458
"1986-07-31",-0.0642568440,-0.0375862245,0.0507074700,-0.0056403649,0.0057625238,0.0052933269
"1986-08-31",0.0604061578,-0.0411894322,0.0337167597,-0.0165429314,0.0305129365,0.0046301782
"1986-09-30",-0.0854209563,0.0202545985,0.0348684507,-0.0014300563,0.0390248449,0.0044192733
"1986-10-31",0.0464009095,-0.0226616750,-0.0131804556,0.0013521961,0.0082449001,0.0046101342
"1986-11-30",0.0117409031,-0.0192605179,-0.0002544234,0.0105278677,0.0066743766,0.0039975501
"1986-12-31",-0.0327320958,0.0006070488,0.0032455510,0.0090180180,-0.0003503691,0.0048511968
"1987-01-31",0.1241269251,-0.0146143977,-0.0289568304,0.0020810820,-0.0103440159,0.0042084106
"1987-02-28",0.0440028953,0.0323414695,-0.0561917373,-0.0082980815,-0.0263492227,0.0043790577
"1987-03-31",0.0160114392,0.0015702614,0.0158240800,0.0136605172,0.0393360567,0.0046302014
"1987-04-30",-0.0208598986,-0.0170892339,-0.0036664752,-0.0049393112,0.0126163199,0.0044192733
"1987-05-31",0.0011925445,-0.0069744912,0.0003840751,0.0054950972,0.0129645832,0.0038068668
"1987-06-30",0.0386883052,-0.0223645529,0.0101949672,0.0165801429,0.0079790865,0.0048511968
"1987-07-31",0.0381297872,-0.0107160182,0.0066646928,-0.0048156115,0.0149104144,0.0046302014
"1987-08-31",0.0349127266,-0.0098936964,-0.0091767774,0.0200489057,-0.0152087432,0.0046301782
"1987-09-30",-0.0260596257,0.0026648112,0.0018998069,-0.0088088991,0.0191911879,0.0044192733
"1987-10-31",-0.2312303699,-0.1184943622,0.0477365524,0.0281684539,0.0298500585,0.0059568703
"1987-11-30",-0.0773897560,0.0283939117,0.0330640950,-0.0206498563,0.0066351141,0.0034054966
"1987-12-31",0.0678148819,-0.0018921670,-0.0426557956,0.0294562352,-0.0222401837,0.0039674934
"1988-01-31",0.0421355013,-0.0088958949,0.0475196199,-0.0104079949,0.0194204622,0.0030042788
"1988-02-29",0.0477462012,0.0311079956,-0.0151842798,0.0146818995,0.0002519072,0.0046100649
"1988-03-31",-0.0223703526,0.0632473020,0.0077335887,-0.0019243345,0.0188983888,0.0043791455
"1988-04-30",0.0057656612,0.0092867644,0.0160976358,-0.0016106583,0.0194511523,0.0046100649
"1988-05-31",-0.0027533205,-0.0265121274,0.0242231586,-0.0074904435,0.0034674713,0.0050521144
"1988-06-30",0.0473913507,0.0196096932,-0.0104895553,0.0135532010,-0.0310717739,0.0048511968
"1988-07-31",-0.0124085517,-0.0028721452,0.0228110700,-0.0058945372,0.0146882264,0.0050118928
"1988-08-31",-0.0329754120,-0.0006318871,0.0206291765,-0.0070900917,0.0176013461,0.0059971340
"1988-09-30",0.0329370969,-0.0130882639,-0.0066411864,0.0165144980,-0.0049322920,0.0061076935
"1988-10-31",0.0115397737,-0.0295916634,0.0172672400,0.0146551345,0.0101204703,0.0061076935
"1988-11-30",-0.0224696678,-0.0168069200,0.0124069095,-0.0030169737,0.0163873678,0.0056853352
"1988-12-31",0.0148215464,0.0183774012,-0.0165038470,0.0067943367,-0.0035318863,0.0063189360
"1989-01-31",0.0606186964,-0.0208933010,0.0049628134,-0.0095840984,0.0014556965,0.0054742194
"1989-02-28",-0.0222720371,0.0267042929,0.0082913633,-0.0079818628,0.0198505706,0.0060975422
"1989-03-31",0.0154254487,0.0068150129,0.0041780608,0.0002866111,0.0071945137,0.0066208316
"1989-04-30",0.0427958166,-0.0069909094,-0.0136244566,0.0070012533,-0.0044269419,0.0068220089
"1989-05-31",0.0330769243,-0.0009948730,-0.0082120766,0.0048910583,-0.0011370765,0.0079500096
"1989-06-30",-0.0134646938,-0.0110625302,0.0217552856,0.0021865365,0.0152742524,0.0070637049
"1989-07-31",0.0713849841,-0.0374323288,-0.0263132044,0.0192530672,-0.0055021801,0.0070233240
"1989-08-31",0.0145445868,0.0036205512,0.0074897760,0.0028748732,-0.0055079489,0.0073859653
"1989-09-30",-0.0074776324,0.0038919146,-0.0132558617,0.0138579923,0.0065878497,0.0066207320
"1989-10-31",-0.0363221188,-0.0359240912,-0.0123479209,0.0003386188,-0.0001411649,0.0068422450
"1989-11-30",0.0099309042,-0.0134907966,-0.0109977188,-0.0093923671,0.0145717898,0.0069529169
"1989-12-31",0.0115852744,-0.0227561900,0.0022575138,-0.0005315359,0.0135146306,0.0060171308
"1990-01-31",-0.0779711286,-0.0152029074,0.0092426399,-0.0118869332,0.0148435435,0.0057356427
"1990-02-28",0.0111688500,0.0113268572,0.0061595472,-0.0018230816,-0.0059062441,0.0057154162
"1990-03-31",0.0179794925,0.0159880858,-0.0279244095,0.0214644256,-0.0096893466,0.0063994647
"1990-04-30",-0.0334468121,-0.0043092482,-0.0262365585,0.0181249746,-0.0098968020,0.0068220089
"1990-05-31",0.0841498968,-0.0225379268,-0.0341125273,0.0150658945,-0.0141372306,0.0068422450
"1990-06-30",-0.0108531833,0.0132697288,-0.0194065786,-0.0097872078,-0.0036180069,0.0063189360
"1990-07-31",-0.0189509110,-0.0333443599,0.0000729292,-0.0025555317,0.0316073842,0.0067415476
"1990-08-31",-0.1007564697,-0.0417336994,0.0142437824,-0.0044731636,0.0312995865,0.0064598741
"1990-09-30",-0.0609810036,-0.0402106162,0.0071109548,-0.0016318677,0.0396333266,0.0059064620
"1990-10-31",-0.0188787210,-0.0527416595,0.0008599127,0.0303126887,-0.0069776078,0.0069228179
"1990-11-30",0.0631897148,-0.0013278122,-0.0297705280,0.0081724379,-0.0440879296,0.0056853352
"1990-12-31",0.0244488117,0.0053587724,-0.0149404515,0.0281273008,-0.0195135334,0.0060171308
"1991-01-31",0.0467603058,0.0361190225,-0.0192562821,0.0155517137,-0.0393165210,0.0050722387
"1991-02-28",0.0716116515,0.0364725785,-0.0053435984,-0.0020656378,-0.0024003594,0.0047607027
"1991-03-31",0.0263423616,0.0371084131,-0.0119736946,-0.0035687570,-0.0094953389,0.0044092082
"1991-04-30",-0.0026175083,0.0023093952,0.0142715196,0.0058516900,0.0066746938,0.0052933269
"1991-05-31",0.0364905408,0.0010229316,-0.0066728684,0.0205569463,-0.0235698923,0.0046302014
"1991-06-30",-0.0493204352,0.0015545323,0.0124282421,0.0185216829,0.0063804736,0.0042083896
"1991-07-31",0.0422330363,-0.0096314163,-0.0123829346,0.0156851333,-0.0139675449,0.0048511968
"1991-08-31",0.0233716168,0.0140674209,-0.0072532425,0.0083992711,-0.0050435673,0.0046302014
"1991-09-30",-0.0156114949,0.0151427662,-0.0106849601,-0.0176728722,0.0004529807,0.0046100649
"1991-10-31",0.0126800737,0.0091600207,-0.0039689702,-0.0166114510,-0.0027309110,0.0041482075
"1991-11-30",-0.0420548667,-0.0090178706,-0.0205497254,0.0108062732,0.0010208597,0.0040076091
"1991-12-31",0.1084973253,-0.0221900038,-0.0357734262,0.0326407902,-0.0282836262,0.0037868118
"1992-01-31",-0.0058105143,0.0928794779,0.0441219269,-0.0123890652,0.0299060068,0.0033052027
"1992-02-29",0.0107439075,0.0130402343,0.0631658705,0.0010444963,0.0201074577,0.0028538508
"1992-03-31",-0.0265794022,-0.0089433638,0.0371764889,-0.0006310569,0.0197522148,0.0033052027
"1992-04-30",0.0107292034,-0.0564796112,0.0436872520,0.0170946923,0.0229605444,0.0031547295
"1992-05-31",0.0030359915,0.0019709042,0.0119030074,-0.0097890767,0.0041637734,0.0028037271
"1992-06-30",-0.0233916239,-0.0277100714,0.0362024279,-0.0005432282,0.0107016542,0.0033052027
"1992-07-31",0.0377012410,-0.0060892647,-0.0052329289,0.0135305779,-0.0070033433,0.0030845318
"1992-08-31",-0.0237946874,-0.0042364003,-0.0097786169,0.0391914516,-0.0161894275,0.0025230263
"1992-09-30",0.0115768567,0.0046104427,-0.0025309326,0.0161906140,-0.0053490839,0.0025230263
"1992-10-31",0.0101534651,0.0196879783,-0.0197222441,0.0127405118,-0.0080208641,0.0022023115
"1992-11-30",0.0411026093,0.0374847640,-0.0138337673,-0.0073091427,-0.0180121510,0.0024027380
"1992-12-31",0.0155521807,0.0162232557,0.0251337133,-0.0040418211,0.0066958460,0.0028639073
"1993-01-31",0.0092817049,0.0207994438,0.0593833663,-0.0173178107,0.0278835906,0.0024027380
"1993-02-28",0.0011410893,-0.0339572366,0.0659376380,-0.0051426002,0.0407589847,0.0022824641
"1993-03-31",0.0230815739,-0.0002133517,0.0123297055,-0.0012674175,0.0088887737,0.0025330637
"1993-04-30",-0.0302222606,-0.0086702888,0.0262290310,-0.0359459232,0.0153554587,0.0023125428
"1993-05-31",0.0287594569,0.0179976318,-0.0334342211,-0.0001639905,-0.0116443409,0.0022023005
"1993-06-30",0.0031373272,0.0008640484,0.0259332050,-0.0095954376,0.0108841784,0.0026433291
"1993-07-31",-0.0036024900,0.0087929669,0.0286622420,-0.0180759883,0.0201457759,0.0023125428
"1993-08-31",0.0373651972,0.0011560999,0.0012236899,-0.0149342161,0.0001409518,0.0024227972
"1993-09-30",-0.0014380612,0.0297706146,-0.0025320201,0.0023839527,-0.0013837494,0.0025230263
"1993-10-31",0.0141693098,0.0189537116,-0.0272656564,0.0055780794,0.0061762546,0.0023125428
"1993-11-30",-0.0187803265,-0.0129587977,-0.0075962958,0.0226815372,-0.0107452256,0.0025230263
"1993-12-31",0.0163235700,0.0136980667,0.0029651247,0.0111295942,-0.0026384825,0.0022023115
"1994-01-31",0.0287416534,-0.0000813239,0.0110213721,-0.0154201502,0.0135462658,0.0025230263
"1994-02-28",-0.0253469004,0.0270285430,-0.0161981460,0.0226248910,-0.0105663186,0.0020920704
"1994-03-31",-0.0477953293,-0.0115085592,0.0175776668,0.0056736656,0.0135518780,0.0027636463
"1994-04-30",0.0068014178,-0.0103142536,0.0167721302,0.0107034818,0.0106474627,0.0026633543
"1994-05-31",0.0065658620,-0.0246116686,0.0051452901,0.0063676947,0.0061412762,0.0031547295
"1994-06-30",-0.0303082718,-0.0058282622,0.0183762599,0.0117349516,0.0161588224,0.0030845318
"1994-07-31",0.0279251040,-0.0180733744,0.0061680080,-0.0062982594,0.0006234564,0.0028037271
"1994-08-31",0.0398711425,0.0130897768,-0.0233069545,0.0089083209,-0.0131693956,0.0036864841
"1994-09-30",-0.0229556957,0.0282709044,-0.0196539053,0.0050906663,0.0093147041,0.0035760755
"1994-10-31",0.0133161097,-0.0226557099,-0.0166312426,0.0018768615,-0.0066325904,0.0037868118
"1994-11-30",-0.0400548594,0.0005772062,-0.0081000355,0.0048831945,-0.0048414437,0.0037868118
"1994-12-31",0.0086105805,0.0007276542,-0.0024850242,0.0048860381,0.0026968397,0.0044192733
"1995-01-31",0.0179142414,-0.0306346825,0.0260331917,0.0006486799,-0.0076359396,0.0042084106
"1995-02-28",0.0358031345,-0.0048537212,0.0103989332,0.0064776731,-0.0037425395,0.0039975501
"1995-03-31",0.0218364015,-0.0052645933,-0.0210565982,-0.0005429082,0.0013526232,0.0046101342
"1995-04-30",0.0210204222,-0.0027808936,0.0169513719,0.0021779378,0.0094677098,0.0043790577
"1995-05-31",0.0288308689,-0.0216551583,0.0214286188,0.0034606580,0.0002395528,0.0052933269
"1995-06-30",0.0268562259,0.0290331570,-0.0245172788,-0.0023163702,-0.0230610103,0.0046302014
"1995-07-31",0.0370330494,0.0200673736,-0.0161287964,0.0023685812,-0.0166061981,0.0046100649
"1995-08-31",0.0055166503,0.0174242169,0.0290279286,-0.0114822883,0.0156157376,0.0046101342
"1995-09-30",0.0333552395,-0.0189734016,0.0000673958,0.0098784468,0.0033551656,0.0044092082
"1995-10-31",-0.0149066188,-0.0411566497,-0.0043300301,0.0187824339,-0.0011859366,0.0046302014
"1995-11-30",0.0392977722,-0.0108668093,0.0060244085,-0.0051421629,0.0106226469,0.0042084106
"1995-12-31",0.0100384798,0.0062889927,0.0021945998,-0.0137197442,0.0299292803,0.0048109598
"1996-01-31",0.0226192765,-0.0248961938,0.0023793370,0.0019598738,0.0221183914,0.0041883497
"1996-02-29",0.0132274664,0.0168737051,-0.0105378468,0.0018641504,-0.0175047705,0.0040076091
"1996-03-31",0.0072133510,0.0157216972,0.0042425587,0.0141283125,-0.0095296901,0.0039975901
"1996-04-30",0.0207781121,0.0456492159,-0.0392259806,-0.0009564626,-0.0207335997,0.0046301782
"1996-05-31",0.0235008140,0.0301581036,-0.0090600399,0.0012479441,-0.0029928975,0.0041883497
"1996-06-30",-0.0116736132,-0.0358061667,0.0237244999,0.0345028379,0.0109145493,0.0040076091
"1996-07-31",-0.0593851130,-0.0401181107,0.0543654278,0.0314439981,0.0263767426,0.0044092523
"1996-08-31",0.0277778576,0.0248303397,-0.0078905740,-0.0045173936,-0.0239611700,0.0041883497
"1996-09-30",0.0498081752,-0.0134891239,-0.0265516822,0.0126506589,-0.0205046298,0.0044092082
"1996-10-31",0.0088969315,-0.0376635627,0.0495182286,0.0161956864,0.0294740732,0.0041482075
"1996-11-30",0.0622857068,-0.0358833754,0.0136826132,0.0191411550,-0.0062534558,0.0040076091
"1996-12-31",-0.0166734600,0.0310355596,0.0117326695,0.0039437275,0.0144747909,0.0046301782
"1997-01-31",0.0496625653,-0.0184482452,-0.0151284422,0.0120187013,-0.0031051764,0.0044092523
"1997-02-28",-0.0049776525,-0.0270586501,0.0589583958,0.0068483628,0.0347124888,0.0038068478
"1997-03-31",-0.0503210351,-0.0059644671,0.0360904384,0.0045425708,0.0172673158,0.0042083896
"1997-04-30",0.0402943511,-0.0562450433,0.0005039406,0.0339217603,-0.0093751507,0.0044092523
"1997-05-31",0.0669001202,0.0439023553,-0.0369508866,-0.0089185444,-0.0262010152,0.0048411252
"1997-06-30",0.0406347073,0.0102004508,0.0140631173,0.0062430557,0.0052945954,0.0037868118
"1997-07-31",0.0729854308,-0.0262406346,0.0024760365,0.0006535591,-0.0240742015,0.0041883497
"1997-08-31",-0.0411978590,0.0783582079,0.0117304349,-0.0098073561,-0.0005830125,0.0042084106
"1997-09-30",0.0533255888,0.0220603394,0.0022646706,-0.0143797377,-0.0085254399,0.0044192733
"1997-10-31",-0.0381226662,-0.0073081060,0.0205320746,0.0106611645,0.0179413167,0.0041482075
"1997-11-30",0.0294802587,-0.0498246721,0.0125544405,0.0288299466,0.0156533227,0.0039975501
"1997-12-31",0.0133533879,-0.0211928628,0.0395398894,0.0074731085,0.0186910805,0.0048511968
"1998-01-31",0.0015746955,-0.0134442152,-0.0165463204,0.0087494077,-0.0085136127,0.0042083896
"1998-02-28",0.0701153825,0.0001887133,-0.0059806427,-0.0028296540,-0.0226326395,0.0039975501
"1998-03-31",0.0473119046,-0.0061762613,0.0130534034,-0.0030393454,-0.0047090662,0.0039674934
"1998-04-30",0.0071349468,-0.0004703357,0.0082488100,-0.0165380202,-0.0028234690,0.0042084106
"1998-05-31",-0.0306312262,-0.0306657475,0.0350078091,0.0113066089,0.0258256212,0.0040076091
"1998-06-30",0.0321094326,-0.0362235337,-0.0187429839,-0.0028589944,-0.0297911152,0.0041883497
"1998-07-31",-0.0244676542,-0.0543737330,-0.0170170379,0.0188170879,0.0054968838,0.0039674934
"1998-08-31",-0.1606448037,-0.0611476549,0.0441498844,0.0415245868,0.0693505277,0.0042084106
"1998-09-30",0.0618719312,-0.0112091194,-0.0341720176,-0.0160092072,-0.0296562680,0.0046301782
"1998-10-31",0.0708622903,-0.0307467720,-0.0256026848,0.0059906653,-0.0036116513,0.0033052027
"1998-11-30",0.0604365416,0.0056063301,-0.0298348865,-0.0108593736,-0.0116255696,0.0030042788
"1998-12-31",0.0610892437,-0.0152711193,-0.0398917612,-0.0054237717,-0.0323447145,0.0037466835
"1999-01-31",0.0347578396,-0.0073811140,-0.0482676299,-0.0259594116,-0.0652037775,0.0036161798
"1999-02-28",-0.0407937654,-0.0542187512,0.0184098311,-0.0122786176,0.0416534038,0.0036161798
"1999-03-31",0.0346791855,-0.0415268488,-0.0280133085,-0.0376038207,-0.0143904219,0.0041482075
"1999-04-30",0.0432820122,0.0444002396,0.0184077946,-0.0232847640,0.0065418898,0.0037868118
"1999-05-31",-0.0241970278,0.0353980300,0.0244486396,0.0072905291,0.0333058889,0.0034054966
"1999-06-30",0.0485283976,0.0225079645,-0.0388810828,0.0078769203,-0.0336350437,0.0039674934
"1999-07-31",-0.0352674513,0.0255265485,-0.0047683794,0.0047508401,0.0311897188,0.0037868118
"1999-08-31",-0.0125382374,-0.0199876103,-0.0175126251,-0.0044978981,0.0027187081,0.0039674934
"1999-09-30",-0.0277580867,0.0264486694,-0.0372436350,-0.0064226013,-0.0120818026,0.0037868118
"1999-10-31",0.0611461482,-0.0691746256,-0.0326339130,-0.0176284600,-0.0117319230,0.0037868118
"1999-11-30",0.0343839065,0.0554347920,-0.0557755550,-0.0378509065,-0.0159313723,0.0035760755
"1999-12-31",0.0770271049,0.0496029463,-0.0735574671,-0.0669014180,-0.0492653651,0.0044092523
"2000-01-31",-0.0470869437,0.0434868657,-0.0183771680,-0.0616149717,0.0467175541,0.0042083896
"2000-02-29",0.0253288647,0.1763941780,-0.0776834318,-0.1553600920,-0.0130303602,0.0044092082
"2000-03-31",0.0486633821,-0.1383797338,0.0735082526,0.1164490518,-0.0152077530,0.0046101342
"2000-04-30",-0.0637355328,-0.0529097704,0.0789076526,0.0714489382,0.0551415868,0.0045698630
"2000-05-31",-0.0435892676,-0.0428649284,0.0472677744,0.0409524157,0.0074043386,0.0050722387
"2000-06-30",0.0468859134,0.0971652864,-0.0755862268,-0.0725431988,-0.0328471753,0.0039674934
"2000-07-31",-0.0258305278,-0.0110712716,0.0851755739,0.0608963934,0.0270428027,0.0048109598
"2000-08-31",0.0707466689,-0.0093366508,-0.0144015035,-0.0294342203,0.0047953742,0.0050722641
"2000-09-30",-0.0543476996,-0.0003228494,0.0760020900,0.0266954478,0.0673584388,0.0050118928
"2000-10-31",-0.0278777048,-0.0300823913,0.0546572903,0.0949235366,0.0426371837,0.0055144616
"2000-11-30",-0.1073865629,-0.0069184816,0.1380451737,0.1547979062,0.0949059004,0.0050521144
"2000-12-31",0.0119321811,0.0309448352,0.0690552759,0.0150750801,0.0524850086,0.0050118928
"2001-01-31",0.0335916297,0.0534995142,-0.0548756528,-0.0558270966,-0.0696473030,0.0054742194
"2001-02-28",-0.1005974423,0.0291944292,0.1388595514,0.1024776015,0.1075126317,0.0038068478
"2001-03-31",-0.0726257982,0.0223261383,0.0663717702,0.0333225474,0.0387473552,0.0041883497
"2001-04-30",0.0794826908,-0.0080146515,-0.0496261262,-0.0357695710,-0.0418430981,0.0040076091
"2001-05-31",0.0067307022,0.0341898098,0.0312821783,0.0016005024,0.0203859187,0.0033052027
"2001-06-30",-0.0195438186,0.0682146294,-0.0139747609,0.0132988766,-0.0193928610,0.0027335519
"2001-07-31",-0.0206952310,-0.0308189744,0.0587761887,0.0783038330,0.0307412789,0.0029441197
"2001-08-31",-0.0640849822,0.0281255998,0.0252389897,0.0412769021,0.0681853831,0.0029942796
"2001-09-30",-0.0922955964,-0.0624244034,0.0206984186,0.0557951742,0.0370388108,0.0027034047
"2001-10-31",0.0245324839,0.0531153953,-0.0752027919,-0.0311341399,-0.0455488697,0.0023025318
"2001-11-30",0.0753541317,-0.0038450145,0.0167851219,-0.0363245616,-0.0163082710,0.0016813447
"2001-12-31",0.0161008476,0.0506583157,0.0110253439,0.0008268752,-0.0038641976,0.0014009314
"2002-01-31",-0.0145130715,0.0118747404,0.0350875477,0.0476230156,0.0277293321,0.0014710295
"2002-02-28",-0.0228863348,-0.0052330376,0.0262658409,0.0852365693,0.0531167550,0.0013308382
"2002-03-31",0.0426194143,0.0399431991,0.0092587214,-0.0180669545,0.0049501557,0.0014009314
"2002-04-30",-0.0521029954,0.0694398170,0.0425458736,0.0448272399,0.0557013124,0.0015411324
"2002-05-31",-0.0137836894,-0.0322382960,0.0147832293,0.0202415811,0.0226879740,0.0015411324
"2002-06-30",-0.0724960469,0.0394882154,0.0003234317,0.0397230996,0.0260171156,0.0012006842
"2002-07-31",-0.0815120167,-0.0713928473,-0.0380192977,0.0375086468,-0.0074274611,0.0015411324
"2002-08-31",0.0050436008,-0.0166128978,0.0294119693,0.0101062525,-0.0155108548,0.0013208319
"2002-09-30",-0.1034235385,0.0328949438,0.0175835549,0.0337710187,-0.0245965423,0.0014009314
"2002-10-31",0.0780829426,-0.0426782159,-0.0386495881,-0.0341611052,0.0097626717,0.0013809112
"2002-11-30",0.0592042694,0.0283312698,-0.0140529620,-0.0822299601,0.0493779166,0.0012006842
"2002-12-31",-0.0573610218,0.0048372387,0.0245710924,0.0662328975,-0.0170058808,0.0010505252
"2003-01-31",-0.0258160794,0.0065513436,-0.0085389193,-0.0110066595,0.0089228449,0.0010505252
"2003-02-28",-0.0187869246,-0.0102746998,-0.0127682640,0.0077476309,-0.0057203947,0.0009504276
"2003-03-31",0.0110964955,0.0038447971,-0.0209301771,0.0177420307,-0.0070395157,0.0010505252
"2003-04-30",0.0819749779,0.0091226117,0.0078116000,-0.0418551171,0.0093825304,0.0010505252
"2003-05-31",0.0601804612,0.0433429587,0.0003954961,-0.0629448712,0.0295706718,0.0008403361
"2003-06-30",0.0142994116,0.0167495713,0.0032564434,0.0031232561,-0.0035484110,0.0010505252
"2003-07-31",0.0233782700,0.0448953288,-0.0116825934,-0.0398313907,0.0165860746,0.0006602079
"2003-08-31",0.0235718578,0.0248742854,0.0153379591,-0.0228013485,0.0216732323,0.0006301890
"2003-09-30",-0.0125869596,0.0046804110,0.0009567172,0.0092956352,0.0037617995,0.0008403361
"2003-10-31",0.0605235616,0.0253220145,0.0173951715,-0.0136034964,0.0148075767,0.0006902277
"2003-11-30",0.0136824759,0.0223112302,0.0175737892,0.0000602191,0.0167259230,0.0007602737
"2003-12-31",0.0427010909,-0.0241564929,0.0158850807,0.0044461730,0.0096780387,0.0008803697
"2004-01-31",0.0215795860,0.0233420971,0.0241384824,-0.0357577050,0.0325390202,0.0006001710
"2004-02-29",0.0140437660,-0.0090416515,0.0085587283,0.0208003117,-0.0126962978,0.0005701539
"2004-03-31",-0.0132594559,0.0223457468,0.0027377801,0.0155641848,-0.0096720713,0.0009204049
"2004-04-30",-0.0183836538,-0.0207225797,-0.0306986680,0.0346269167,-0.0280216133,0.0008403361
"2004-05-31",0.0119933567,-0.0036894490,-0.0024700425,-0.0120273647,-0.0004981210,0.0006001710
"2004-06-30",0.0185588240,0.0255541198,0.0117210882,0.0104562137,-0.0037045012,0.0008403361
"2004-07-31",-0.0407238747,-0.0305862535,0.0351500610,0.0533882014,-0.0172351854,0.0010505252
"2004-08-31",0.0005073570,-0.0121443871,0.0095689985,0.0106885039,-0.0139857106,0.0011005777
"2004-09-30",0.0159581069,0.0325917451,-0.0012295870,-0.0133714423,-0.0176094864,0.0010505252
"2004-10-31",0.0141825718,0.0018446922,-0.0033149676,-0.0041700303,0.0036506864,0.0010505252
"2004-11-30",0.0455967360,0.0388813929,0.0146271734,-0.0059792746,-0.0023279730,0.0014710295
"2004-12-31",0.0344134888,-0.0006058905,-0.0016052614,-0.0115903542,0.0046675177,0.0015411324
"2005-01-31",-0.0276823149,-0.0110118717,0.0221649874,0.0291748297,-0.0137391140,0.0016012166
"2005-02-28",0.0187316145,-0.0028264941,0.0143236130,0.0136311893,-0.0014264977,0.0017113858
"2005-03-31",-0.0195016823,-0.0142083623,0.0224538127,0.0053460498,0.0120323325,0.0022023115
"2005-04-30",-0.0261658175,-0.0406741504,0.0003314259,0.0085506447,-0.0087936112,0.0021021013
"2005-05-31",0.0366010239,0.0264787919,-0.0058739099,-0.0105216342,0.0019655907,0.0023125428
"2005-06-30",0.0056372440,0.0324628949,0.0278930928,0.0110073325,-0.0054205697,0.0022023115
"2005-07-31",0.0394113390,0.0272757726,-0.0080367008,-0.0113077474,-0.0092814336,0.0024027380
"2005-08-31",-0.0122919486,-0.0086552201,0.0124445585,-0.0204684266,0.0047892600,0.0029942796
"2005-09-30",0.0045759316,-0.0030045986,0.0073728581,0.0030910120,-0.0063971964,0.0029441197
"2005-10-31",-0.0204721074,-0.0136853585,0.0034486414,-0.0085228262,-0.0130497065,0.0027335519
"2005-11-30",0.0360343728,0.0078102263,-0.0120700309,-0.0075066500,-0.0115611444,0.0031547295
"2005-12-31",-0.0024318436,-0.0023283617,0.0019723058,0.0015458256,0.0018881137,0.0031547295
"2006-01-31",0.0303839333,0.0565109495,0.0085971209,-0.0055477022,-0.0050267197,0.0034054966
"2006-02-28",-0.0028325526,-0.0044673209,-0.0030470842,-0.0060421597,0.0203600745,0.0034255461
"2006-03-31",0.0145135617,0.0337312051,0.0054841115,0.0000411272,-0.0051156447,0.0036864841
"2006-04-30",0.0071374613,-0.0073150206,0.0234191672,0.0182709772,-0.0020323729,0.0036161798
"2006-05-31",-0.0354869501,-0.0305974924,0.0265785947,0.0108174825,0.0142618416,0.0044092523
"2006-06-30",-0.0038198829,-0.0009740057,0.0086944621,0.0136165668,-0.0014243945,0.0039674934
"2006-07-31",-0.0076496610,-0.0351652945,0.0264300514,0.0171803449,0.0097007501,0.0040076091
"2006-08-31",0.0204056702,0.0052028785,-0.0192866114,-0.0174170598,0.0211568698,0.0041482075
"2006-09-30",0.0184728214,-0.0135342032,0.0006618520,0.0088878140,0.0049369335,0.0040076091
"2006-10-31",0.0322391833,0.0186125341,-0.0024540560,-0.0008466772,0.0020269085,0.0039674934
"2006-11-30",0.0168937884,0.0079130520,0.0005602273,0.0014545304,-0.0086188822,0.0042084106
"2006-12-31",0.0086466088,-0.0078226890,0.0268923744,-0.0055100148,0.0199630084,0.0040076091
"2007-01-31",0.0142514768,0.0013073018,-0.0064369127,0.0047639561,0.0024094582,0.0044092082
"2007-02-28",-0.0196440236,0.0145111245,-0.0016386773,-0.0043136364,-0.0075929341,0.0038068478
"2007-03-31",0.0068193770,0.0016921060,-0.0080986186,0.0056801459,-0.0057179229,0.0041883497
"2007-04-30",0.0345999874,-0.0197100960,-0.0133586044,0.0107228968,0.0098181613,0.0044092082
"2007-05-31",0.0323373628,0.0040045985,-0.0062128164,0.0152925430,-0.0125690497,0.0039674934
"2007-06-30",-0.0195118245,0.0078578307,-0.0111567515,0.0059042198,0.0008663803,0.0039975901
"2007-07-31",-0.0373645705,-0.0300244830,-0.0369718553,0.0019734653,-0.0109810578,0.0039975901
"2007-08-31",0.0093217903,-0.0039781662,-0.0196414118,-0.0129354938,-0.0057519679,0.0041482075
"2007-09-30",0.0322037503,-0.0228820644,-0.0214403574,-0.0051147667,-0.0306642789,0.0032349467
"2007-10-31",0.0180061997,0.0003107592,-0.0267365050,-0.0029962405,-0.0012682501,0.0032249637
"2007-11-30",-0.0476848373,-0.0295697700,-0.0118012125,0.0177702665,-0.0040173331,0.0033653815
"2007-12-31",-0.0085415823,0.0022267426,-0.0060408098,0.0086839212,-0.0107063541,0.0028037271
"2008-01-31",-0.0634058951,-0.0049696296,0.0405490943,0.0246146206,0.0237859967,0.0021021013
"2008-02-29",-0.0308084188,-0.0045103282,-0.0076581678,0.0109703784,-0.0118091354,0.0014009314
"2008-03-31",-0.0092514098,0.0074459558,0.0003044342,0.0096863184,0.0034685257,0.0018015398
"2008-04-30",0.0458710193,-0.0107189721,-0.0088740334,0.0200822594,-0.0249614430,0.0017614792
"2008-05-31",0.0187173453,0.0311044429,-0.0136584168,0.0085675459,0.0014129159,0.0016813447
"2008-06-30",-0.0843540577,0.0125997028,-0.0293719242,0.0540281182,-0.0047882517,0.0016813447
"2008-07-31",-0.0072052759,0.0367358701,0.0588057769,-0.0137464191,0.0110558978,0.0015411324
"2008-08-31",0.0153036914,0.0327741667,0.0167034596,0.0173541034,0.0072134950,0.0012607563
"2008-09-30",-0.0934514125,-0.0023505046,0.0814858801,0.0194814318,0.0169092566,0.0014710295
"2008-10-31",-0.1716963880,-0.0426443926,-0.0234996812,0.0335734001,0.0166395937,0.0009204049
"2008-11-30",-0.0772764264,-0.0441714751,-0.0615067472,0.0501116246,0.0285430552,0.0001900171
"2008-12-31",0.0177598185,0.0373690455,0.0098655719,-0.0021326710,-0.0142023325,0.0000000000
"2009-01-31",-0.0824725918,-0.0191809926,-0.1130477067,0.0027880110,-0.0154173188,0.0000000000
"2009-02-28",-0.1011096302,-0.0126459065,-0.0693257811,0.0117564155,-0.0113528714,0.0001900171
"2009-03-31",0.0897770290,0.0077039328,0.0453236842,-0.0277303273,-0.0187803913,0.0002200231
"2009-04-30",0.1016728055,0.0653387965,0.0494598108,0.0103619201,0.0001783549,0.0002100210
"2009-05-31",0.0520149729,-0.0222063897,0.0072068543,-0.0116055754,-0.0209716135,0.0000000000
"2009-06-30",0.0043136223,0.0228180429,-0.0245906852,-0.0127522776,-0.0018932695,0.0000000000
"2009-07-31",0.0773634767,0.0227652871,0.0475986007,-0.0046401130,0.0300155456,0.0002200231
"2009-08-31",0.0333972052,-0.0002243472,0.0762661526,-0.0273558638,0.0318286140,0.0002100210
"2009-09-30",0.0407261509,0.0268835920,0.0099988643,0.0135537413,0.0035644444,0.0000000000
"2009-10-31",-0.0255974863,-0.0472890194,-0.0399465840,0.0418829954,-0.0166691756,0.0000000000
"2009-11-30",0.0556522545,-0.0260721299,-0.0014149566,0.0088300133,0.0015620010,0.0000000000
"2009-12-31",0.0275841369,0.0606934659,0.0000495570,0.0069030107,-0.0017792515,0.0000000000
"2010-01-31",-0.0337903650,0.0032889105,0.0040783811,-0.0108873863,0.0063719039,0.0000000000
"2010-02-28",0.0341896254,0.0141898365,0.0315746700,-0.0038880775,0.0141309252,0.0000000000
"2010-03-31",0.0628176051,0.0172205871,0.0208290598,-0.0067387333,0.0163820729,0.0000000000
"2010-04-30",0.0200726949,0.0492826243,0.0291215550,0.0080218979,0.0166339548,0.0002100210
"2010-05-31",-0.0789704733,0.0029978357,-0.0225455660,0.0113911759,-0.0007745026,0.0002000190
"2010-06-30",-0.0557649447,-0.0247909539,-0.0456779746,-0.0039241161,-0.0151509771,0.0002200231
"2010-07-31",0.0691680409,0.0016185546,-0.0020016649,0.0010834065,0.0205987577,0.0002100210
"2010-08-31",-0.0478796456,-0.0317026577,-0.0202109612,0.0043553564,-0.0165538009,0.0002200231
"2010-09-30",0.0953282094,0.0347385842,-0.0284912995,-0.0031878222,0.0045283543,0.0002100210
"2010-10-31",0.0388589354,0.0075999513,-0.0246861886,0.0107875061,-0.0023503840,0.0002100210
"2010-11-30",0.0060254526,0.0361030669,-0.0092595776,0.0030956540,0.0168550154,0.0002100210
"2010-12-31",0.0681072828,0.0084993015,0.0352377391,-0.0317684026,0.0298648027,0.0002200231
"2011-01-31",0.0200035671,-0.0229702920,0.0074703373,-0.0071371540,0.0077842553,0.0000000000
"2011-02-28",0.0349726490,0.0168287197,0.0125755554,-0.0177408974,0.0085764750,0.0001900171
"2011-03-31",0.0046390548,0.0267107529,-0.0162760040,0.0145071069,0.0000329749,0.0000000000
"2011-04-30",0.0291638516,-0.0055165564,-0.0238026248,0.0082924219,-0.0075196875,0.0000000000
"2011-05-31",-0.0125575700,-0.0051457593,-0.0222317325,0.0211086169,-0.0160107485,0.0000000000
"2011-06-30",-0.0174572683,0.0026601468,-0.0044439296,0.0240838236,-0.0145743807,0.0000000000
"2011-07-31",-0.0235287680,-0.0130668490,-0.0086199134,0.0269412085,-0.0172619238,0.0000000000
"2011-08-31",-0.0599737582,-0.0292419462,-0.0247059055,0.0305955157,-0.0027156110,0.0000000000
"2011-09-30",-0.0759677148,-0.0376936435,-0.0152747882,0.0195335335,0.0020288522,0.0000000000
"2011-10-31",0.1136692182,0.0339219176,0.0020665530,-0.0249783107,-0.0072628353,0.0000000000
"2011-11-30",-0.0032291254,-0.0004744589,-0.0026011463,0.0164590538,0.0145086161,0.0000000000
"2011-12-31",0.0074010895,-0.0027323818,0.0178090086,0.0093013324,0.0237485861,0.0000000000
"2012-01-31",0.0506956545,0.0198575271,-0.0092368011,-0.0198164896,-0.0137384238,0.0000000000
"2012-02-29",0.0439528388,-0.0157013302,0.0030883780,-0.0037047252,-0.0008377328,0.0000000000
"2012-03-31",0.0311270219,-0.0045644709,0.0115263773,-0.0060077561,0.0078891177,0.0000000000
"2012-04-30",-0.0085688696,-0.0045656673,-0.0082622230,0.0121529643,0.0058958328,0.0000000000
"2012-05-31",-0.0622804507,0.0001135485,-0.0089990470,0.0263382736,0.0255342400,0.0000000000
"2012-06-30",0.0388964565,0.0099081825,0.0060030816,-0.0129320854,0.0025032161,0.0000000000
"2012-07-31",0.0077272393,-0.0264670184,-0.0005215267,0.0097706136,0.0006578247,0.0000000000
"2012-08-31",0.0255223095,0.0042060686,0.0117799053,-0.0142277592,-0.0071356192,0.0000000000
"2012-09-30",0.0272298808,0.0062069638,0.0151838251,-0.0128447344,0.0153661222,0.0000000000
"2012-10-31",-0.0173058487,-0.0081158310,0.0377786714,-0.0150588707,0.0230750756,0.0000000000
"2012-11-30",0.0077540885,0.0030067225,-0.0092068174,0.0040512183,0.0084857897,0.0000000000
"2012-12-31",0.0116773365,0.0187412019,0.0353811038,-0.0173974831,0.0087620041,0.0002000190
"2013-01-31",0.0558447452,0.0048789706,0.0085586674,-0.0163125304,0.0137501638,0.0000000000
"2013-02-28",0.0127272336,-0.0033464148,0.0009077997,-0.0069337147,0.0043605868,0.0000000000
"2013-03-31",0.0402379851,0.0081594452,-0.0016703254,0.0050767538,0.0131598881,0.0000000000
"2013-04-30",0.0154800446,-0.0219487752,0.0057748211,0.0015333072,0.0048536805,0.0000000000
"2013-05-31",0.0282318566,0.0193268656,0.0260227021,-0.0200760471,-0.0072194251,0.0000000000
"2013-06-30",-0.0120278121,0.0137752166,-0.0000203050,-0.0040589713,-0.0000408488,0.0000000000
"2013-07-31",0.0561409197,0.0170380828,0.0055660517,-0.0126193111,0.0048769917,0.0000000000
"2013-08-31",-0.0269843644,-0.0000426603,-0.0272107216,0.0055404695,-0.0221795389,0.0000000000
"2013-09-30",0.0375891565,0.0255293935,-0.0113521412,-0.0062430917,-0.0119645380,0.0000000000
"2013-10-31",0.0416708087,-0.0140227294,0.0115795066,0.0265281213,0.0075656294,0.0000000000
"2013-11-30",0.0311968801,0.0127627169,0.0027201315,0.0012312363,0.0004638121,0.0000000000
"2013-12-31",0.0282299285,-0.0055304152,-0.0004566192,-0.0049304607,0.0010538125,0.0000000000
"2014-01-31",-0.0332682074,0.0062059800,-0.0210065907,-0.0401271659,-0.0144691033,0.0000000000
"2014-02-28",0.0462402430,0.0013882203,-0.0040144693,-0.0025515704,-0.0043295867,0.0000000000
"2014-03-31",0.0042160028,-0.0110356031,0.0498648604,0.0216910938,0.0185035964,0.0000000000
"2014-04-30",-0.0023444182,-0.0406278499,0.0109162569,0.0355691430,0.0098490871,0.0000000000
"2014-05-31",0.0206695938,-0.0185952721,-0.0012473828,-0.0003124438,-0.0102946524,0.0000000000
"2014-06-30",0.0263761340,0.0303153820,-0.0063470213,-0.0183768009,-0.0185470546,0.0000000000
"2014-07-31",-0.0204151402,-0.0430116835,-0.0008945581,0.0092118710,0.0052570234,0.0000000000
"2014-08-31",0.0425049258,0.0029479484,-0.0055564895,-0.0058247123,-0.0066147319,0.0000000000
"2014-09-30",-0.0193016781,-0.0374146854,-0.0152898066,0.0115092634,-0.0072532440,0.0000000000
"2014-10-31",0.0251823508,0.0363382013,-0.0163737873,-0.0040045384,-0.0005551957,0.0000000000
"2014-11-30",0.0255335486,-0.0222500153,-0.0282711984,0.0149438957,0.0020461695,0.0000000000
"2014-12-31",-0.0005343084,0.0287005322,0.0217714252,-0.0120560039,0.0084561911,0.0000000000
"2015-01-31",-0.0306738300,-0.0088543064,-0.0353642871,0.0172475295,-0.0168451657,0.0000000000
"2015-02-28",0.0613970755,0.0024323088,-0.0178442576,-0.0114956503,-0.0166215469,0.0000000000
"2015-03-31",-0.0113200098,0.0305410135,-0.0047377174,0.0008422203,-0.0053401529,0.0000000000
"2015-04-30",0.0060067688,-0.0300528237,0.0182457384,-0.0005191757,-0.0048550896,0.0000000000
"2015-05-31",0.0133874017,0.0079267535,-0.0115942512,-0.0176750374,-0.0072092164,0.0000000000
"2015-06-30",-0.0151296460,0.0294928425,-0.0074645856,0.0034566100,-0.0153327930,0.0000000000
"2015-07-31",0.0156294674,-0.0445050306,-0.0426529882,0.0008032937,-0.0249901217,0.0000000000
"2015-08-31",-0.0605740438,0.0028547773,0.0279084835,0.0069331304,0.0128215018,0.0000000000
"2015-09-30",-0.0310074066,-0.0296271429,0.0045353712,0.0192616898,-0.0059921689,0.0000000000
"2015-10-31",0.0774765023,-0.0199311312,-0.0028492124,0.0075468938,0.0033322221,0.0000000000
"2015-11-30",0.0056637592,0.0337117169,-0.0048257728,-0.0249860544,-0.0105017383,0.0000000000
"2015-12-31",-0.0214566500,-0.0308616362,-0.0257335226,0.0035093428,0.0003995609,0.0000000000
"2016-01-31",-0.0577379479,-0.0358663881,0.0224393297,0.0306239819,0.0328764454,0.0000000000
"2016-02-29",-0.0007053372,0.0102640926,-0.0064168777,0.0321914588,0.0202175260,0.0002000190
"2016-03-31",0.0694957294,0.0105075209,0.0096543091,0.0065690402,-0.0005969058,0.0002200231
"2016-04-30",0.0091896065,0.0120896207,0.0329010733,-0.0281915267,0.0196163667,0.0000000000
"2016-05-31",0.0180226440,-0.0067625582,-0.0174624208,-0.0119030622,-0.0247614438,0.0002100210
"2016-06-30",-0.0004107494,0.0055919997,-0.0141370246,0.0131222134,0.0195991152,0.0002200231
"2016-07-31",0.0394796804,0.0251692393,-0.0113936330,0.0111600786,-0.0116593337,0.0002000190
"2016-08-31",0.0049448339,0.0165765919,0.0320886491,-0.0179689118,-0.0039892644,0.0002300253
"2016-09-30",0.0023294880,0.0181272145,-0.0120687819,-0.0209434088,-0.0003994307,0.0002100210
"2016-10-31",-0.0203990232,-0.0412122572,0.0428017406,0.0100250480,0.0021172099,0.0002100210
"2016-11-30",0.0487054342,0.0650929184,0.0769367934,-0.0029231943,0.0353895547,0.0002100210
"2016-12-31",0.0180738655,0.0041699112,0.0345676401,0.0112854904,-0.0026371736,0.0002100210
"2017-01-31",0.0196720607,-0.0128110756,-0.0270093630,-0.0053746442,-0.0090242222,0.0004000760
"2017-02-28",0.0357830556,-0.0213298531,-0.0169072882,0.0029186007,-0.0168122187,0.0003800684
"2017-03-31",0.0016528727,0.0084457242,-0.0313954040,0.0076025545,-0.0104519654,0.0002300253
"2017-04-30",0.0108217094,0.0051920019,-0.0194776957,0.0191278709,-0.0152912717,0.0005701539
"2017-05-31",0.0106604300,-0.0299804048,-0.0373656575,0.0106456934,-0.0194753205,0.0006602079
"2017-06-30",0.0081612777,0.0243371943,0.0137905015,-0.0222519582,-0.0000279011,0.0006602079
"2017-07-31",0.0188374723,-0.0161142233,-0.0032465932,-0.0075178035,-0.0021205810,0.0008003041
"2017-08-31",0.0018915015,-0.0178381254,-0.0232941709,0.0009175825,-0.0238744587,0.0009204049
"2017-09-30",0.0252611486,0.0466927996,0.0303385296,-0.0132876877,0.0157393341,0.0010004751
"2017-10-31",0.0227221547,-0.0192614067,0.0004687889,0.0095899237,-0.0322963130,0.0008803697
"2017-11-30",0.0312784301,-0.0031732564,-0.0004755057,0.0320095070,0.0003026940,0.0008403361
"2017-12-31",0.0106157400,-0.0099478856,0.0027100608,0.0072010766,0.0167488575,0.0008003041
"2018-01-31",0.0557050193,-0.0301202957,-0.0119164228,-0.0083741739,-0.0082218885,0.0010505252
"2018-02-28",-0.0364459984,0.0031182035,-0.0107531179,0.0053219872,-0.0229048933,0.0011406158
"2018-03-31",-0.0235457566,0.0365668700,-0.0017248052,-0.0054769979,0.0006685867,0.0012607563
"2018-04-30",0.0027064459,0.0088318244,0.0040240754,-0.0228605215,0.0108966439,0.0014710295
"2018-05-31",0.0264124199,0.0457943135,-0.0297595943,-0.0189879126,-0.0142214955,0.0013208319
"2018-06-30",0.0046656889,0.0089358715,-0.0226573182,0.0079521806,0.0033780610,0.0012607563
"2018-07-31",0.0321743999,-0.0191095225,0.0049370411,0.0149484900,0.0035514684,0.0016813447
"2018-08-31",0.0344196231,0.0058542058,-0.0373272195,-0.0016935689,-0.0235138007,0.0016112403
"2018-09-30",0.0008710142,-0.0246832220,-0.0175177051,0.0057440863,0.0126672307,0.0015210949
"2018-10-31",-0.0766673638,-0.0482173508,0.0381214213,0.0102851315,0.0362052028,0.0018416201
"2018-11-30",0.0169959336,-0.0083399117,0.0005563031,-0.0071935612,0.0016650415,0.0016813447
"2018-12-31",-0.0952826001,-0.0329729446,-0.0221197558,-0.0020203934,0.0000857022,0.0019017110
"2019-01-31",0.0839569742,0.0276089245,-0.0058823395,-0.0059573967,-0.0133866281,0.0021021013
"2019-02-28",0.0338776256,0.0171464769,-0.0258971389,0.0007395608,-0.0137694007,0.0019017110
"2019-03-31",0.0108077323,-0.0349656666,-0.0421899106,0.0081295273,-0.0105972673,0.0018917020
"2019-04-30",0.0394409308,-0.0111687845,0.0189022416,0.0159428331,-0.0211564062,0.0021021013
"2019-05-31",-0.0692582373,-0.0157058542,-0.0235344863,-0.0063404931,0.0185827040,0.0019818722
"2019-06-30",0.0694033714,0.0030910703,-0.0083351928,0.0090362364,-0.0042833975,0.0018015398
"2019-07-31",0.0122592781,-0.0187682789,0.0031565061,-0.0023393972,0.0035379322,0.0019818722
"2019-08-31",-0.0255759401,-0.0334557631,-0.0502898553,0.0045122242,-0.0097994509,0.0015411324
"2019-09-30",0.0141291896,0.0027427301,0.0685734566,0.0200731094,0.0352033643,0.0018015398
"2019-10-31",0.0207152553,0.0023629093,-0.0201955540,0.0026270648,-0.0096345910,0.0016112403
"2019-11-30",0.0387516490,0.0046302114,-0.0182598852,-0.0151868836,-0.0117595473,0.0012006842
"2019-12-31",0.0276235012,0.0095419803,0.0189631190,0.0012375353,0.0121167469,0.0014710295
"2020-01-31",-0.0009625207,-0.0443035912,-0.0631349707,-0.0138784349,-0.0227908186,0.0012607563
"2020-02-29",-0.0812131923,-0.0004960781,-0.0427637356,-0.0163258901,-0.0270463139,0.0011406158
"2020-03-31",-0.1337004014,-0.0939474561,-0.1485880698,-0.0249552261,0.0126189785,0.0013208319
"2020-04-30",0.1356436889,0.0287647345,-0.0090101732,0.0238987533,-0.0111415448,0.0000000000
"2020-05-31",0.0559920663,0.0205623139,-0.0433525057,0.0086992408,-0.0297467365,0.0000000000
"2020-06-30",0.0251702527,0.0216833852,-0.0174117174,0.0019911225,0.0031690267,0.0000000000
"2020-07-31",0.0572688790,-0.0283851849,-0.0140421681,0.0059535737,0.0099040377,0.0000000000
"2020-08-31",0.0764994730,-0.0087562501,-0.0281706055,0.0408725036,-0.0134658028,0.0000000000
"2020-09-30",-0.0361446587,0.0009809311,-0.0290549597,-0.0121722662,-0.0186151993,0.0000000000
"2020-10-31",-0.0210108389,0.0474086705,0.0387272270,-0.0053795896,-0.0053528585,0.0000000000
