"date","mkt_rf","smb","hml","rf","Mom"
"1926-07-31",0.0288460862,-0.0223002845,-0.0285796557,0.0022524317,
"1926-08-31",0.0266967010,-0.0133586210,0.0408302527,0.0026032526,
"1926-09-30",0.0037240189,-0.0128025044,-0.0008636538,0.0021622371,
"1926-10-31",-0.0330110437,-0.0005741559,0.0067657516,0.0032550751,
"1926-11-30",0.0258469957,-0.0023494955,-0.0045899229,0.0031246688,
"1926-12-31",0.0263218775,-0.0011019328,0.0009437265,0.0028639360,-0.0003854705
"1927-01-31",-0.0001070793,-0.0048138947,0.0485943618,0.0025030023,0.0348790820
"1927-02-28",0.0418447723,-0.0006626171,0.0284840457,0.0026433291,0.0017584619
"1927-03-31",0.0008742383,-0.0169815119,-0.0244681575,0.0029742510,0.0455021899
"1927-04-30",0.0051233616,0.0049241582,0.0047374288,0.0025030023,0.0415325511
"1927-05-31",0.0535124677,0.0130142354,0.0473669075,0.0030043240,0.0354044050
"1927-06-30",-0.0238924525,0.0038078565,-0.0152450181,0.0025030023,0.0201660863
"1927-07-31",0.0722112997,-0.0301534479,-0.0106711258,0.0030043240,0.0313246805
"1927-08-31",0.0200267881,-0.0075751183,-0.0354798168,0.0027035129,0.0268667100
"1927-09-30",0.0482304775,-0.0339238683,-0.0066625992,0.0020019212,0.0270526110
"1927-10-31",-0.0427718646,0.0212647161,-0.0453822031,0.0025030023,-0.0197883845
"1927-11-30",0.0650764558,0.0269576354,-0.0013849685,0.0021622371,0.0035052671
"1927-12-31",0.0223980257,0.0090945122,-0.0102559720,0.0023426344,0.0163297221
"1928-01-31",-0.0053727455,0.0429967422,-0.0073413686,0.0025030023,-0.0015925396
"1928-02-29",-0.0167213414,-0.0201614754,-0.0066389611,0.0032249637,-0.0038201935
"1928-03-31",0.0885153467,-0.0029828790,-0.0106056082,0.0029742510,0.0700071986
"1928-04-30",0.0424261793,0.0378541940,0.0332547064,0.0022023115,-0.0300587595
"1928-05-31",0.0149735060,0.0278731704,-0.0303722834,0.0033052027,0.0409090643
"1928-06-30",-0.0488378503,-0.0377146141,0.0034818221,0.0031246845,0.0056231167
"1928-07-31",0.0056420099,-0.0138639246,-0.0053804900,0.0032550751,0.0157142977
"1928-08-31",0.0670353947,-0.0194081749,-0.0194297461,0.0032450595,0.0358732929
"1928-09-30",0.0283780541,0.0223363603,0.0093934870,0.0026433423,0.0544596902
"1928-10-31",0.0127286321,0.0222805271,-0.0214081534,0.0041683307,0.0356426529
"1928-11-30",0.1179496983,-0.0169401284,0.0250293866,0.0039173204,0.0373070275
"1928-12-31",0.0047556169,-0.0088168441,-0.0034959982,0.0005001200,0.0142510363
"1929-01-31",0.0457336531,-0.0319748012,-0.0112727296,0.0033854982,0.0355333027
"1929-02-28",-0.0029823641,-0.0034254215,0.0165823338,0.0036061627,0.0383325865
"1929-03-31",-0.0078347865,-0.0481419750,0.0157367019,0.0033654152,-0.0139187168
"1929-04-30",0.0168785397,-0.0093243132,0.0052008110,0.0036463771,0.0279284692
"1929-05-31",-0.0643358523,-0.0564298889,-0.0146754943,0.0044294053,-0.0005911487
"1929-06-30",0.0964859620,-0.0206304235,-0.0258303374,0.0052632513,0.0879835012
"1929-07-31",0.0446692909,-0.0374009537,0.0257359734,0.0033854982,0.0479317695
"1929-08-31",0.0804697104,-0.0897846210,0.0020912532,0.0039073213,0.0557596254
"1929-09-30",-0.0538337981,0.0134455513,-0.0075886723,0.0036062168,0.0156326629
"1929-10-31",-0.1987942944,-0.0661579177,0.0834777679,0.0046905452,0.0778135127
"1929-11-30",-0.1268857794,-0.0169846621,0.0503338136,0.0037465896,-0.0111434834
"1929-12-31",0.0122674567,-0.0416932015,-0.0046347774,0.0037567578,0.0412951826
"1930-01-31",0.0553249198,0.0332257289,-0.0114142660,0.0013008128,-0.0513288985
"1930-02-28",0.0244638671,0.0012621247,0.0037395272,0.0028639073,-0.0179495093
"1930-03-31",0.0711672555,0.0318857638,0.0008612528,0.0033854982,-0.0352814033
"1930-04-30",-0.0207162831,-0.0021120457,-0.0093390901,0.0021622371,-0.0042530393
"1930-05-31",-0.0159881396,-0.0208754337,-0.0083397137,0.0025030023,-0.0075296722
"1930-06-30",-0.1619900118,-0.0401578965,0.0218390215,0.0027536331,0.1360208361
"1930-07-31",0.0395782027,-0.0042708576,-0.0155391998,0.0020019212,-0.0320491036
"1930-08-31",0.0011829390,-0.0233233554,-0.0066316699,0.0010004801,0.0423951863
"1930-09-30",-0.1292498680,-0.0262236781,-0.0600632037,0.0022524317,0.0675412781
"1930-10-31",-0.0871616180,-0.0047995809,-0.0108626333,0.0007802926,0.0307991460
"1930-11-30",-0.0291523401,0.0237833907,-0.0374719726,0.0013809112,-0.0114807315
"1930-12-31",-0.0778510864,-0.0533146410,-0.0618546427,0.0013008128,0.1475223888
"1931-01-31",0.0631292690,0.0331736079,0.0775401273,0.0015611706,-0.1298455240
"1931-02-28",0.1093878849,0.0304598886,0.0127650659,0.0004400924,-0.1538986530
"1931-03-31",-0.0634211753,0.0300596155,-0.0367950577,0.0013008128,0.0880173993
"1931-04-30",-0.0994977089,-0.0497423731,-0.0484157687,0.0007502701,0.0964526249
"1931-05-31",-0.1329261018,0.0561909536,-0.0698121340,0.0007502701,0.1055199272
"1931-06-30",0.1407638857,-0.0521962122,0.1105880867,0.0007802926,-0.1411938189
"1931-07-31",-0.0664663177,0.0128135198,-0.0208480278,0.0005201300,0.0851130554
"1931-08-31",0.0037233176,-0.0232110144,-0.0167751712,0.0002600325,-0.0227529587
"1931-09-30",-0.2912245487,-0.0200934405,-0.0869326266,0.0002400276,0.0437072289
"1931-10-31",0.0800962970,-0.0219304364,0.0369203035,0.0010405202,0.0051521637
"1931-11-30",-0.0908299341,0.0459004721,-0.0548283161,0.0016112403,0.0594751894
"1931-12-31",-0.1355780799,-0.0215238396,-0.1012572156,0.0012507503,0.0994632761
"1932-01-31",-0.0148849707,0.0330868314,0.1006683458,0.0022524317,-0.1404776333
"1932-02-29",0.0544470616,-0.0402003096,-0.0131518492,0.0023025318,-0.0342866345
"1932-03-31",-0.1125942755,0.0168699580,-0.0234886759,0.0015611706,0.1549738269
"1932-04-30",-0.1798763998,0.0021435204,0.0136315066,0.0010405202,0.0763093299
"1932-05-31",-0.2056837566,0.0431962749,-0.0477938609,0.0005001200,0.1933624069
"1932-06-30",-0.0058222961,-0.0124811038,0.0563068435,0.0002600325,-0.0807528276
"1932-07-31",0.3384712334,-0.0348519967,0.2758083937,0.0002400276,-0.2518529961
"1932-08-31",0.3754118978,0.0811508208,0.2509690524,0.0002700351,-0.2684251692
"1932-09-30",-0.0290502308,-0.0399334172,-0.0572273332,0.0002500300,-0.0045668389
"1932-10-31",-0.1322673052,-0.0479925971,-0.1066294133,0.0002500300,-0.0083988735
"1932-11-30",-0.0594393192,0.0113718293,-0.1303468527,0.0002400276,-0.0673768020
"1932-12-31",0.0441616853,-0.0828490015,-0.0733035165,0.0000000000,0.0180980530
"1933-01-31",0.0125077011,0.0035302028,0.0653080079,0.0000000000,-0.0188858980
"1933-02-28",-0.1539553031,-0.0382549814,-0.0285559046,-0.0002199769,-0.0161540512
"1933-03-31",0.0319305046,0.0355272956,0.0821879686,0.0003600612,0.0271736657
"1933-04-30",0.3889388983,0.0268017701,0.1358191414,0.0009604417,-0.0215500934
"1933-05-31",0.2150336234,0.2903039115,0.1419307956,0.0005201300,-0.0460148656
"1933-06-30",0.1293705767,0.0769287980,-0.0051048415,0.0002600325,0.0296581296
"1933-07-31",-0.0951541880,-0.0088645973,0.0554367040,0.0002400276,0.0017059669
"1933-08-31",0.1199556103,-0.0492234049,0.0301529984,0.0002300253,0.0720697008
"1933-09-30",-0.1062649811,-0.0123326126,-0.1222743978,0.0002400276,-0.0436002847
"1933-10-31",-0.0834572788,-0.0109917638,-0.0781085631,0.0000000000,-0.0470396309
"1933-11-30",0.0997116309,-0.0614733401,0.0246472892,0.0002400276,0.0217830972
"1933-12-31",0.0181041859,0.0037327661,-0.0165418313,0.0002500300,0.0370139641
"1934-01-31",0.1266093232,0.1098208139,0.1432407737,0.0005201300,-0.0478692448
"1934-02-28",-0.0247813925,0.0533183143,0.0224034570,0.0002200231,0.0072951572
"1934-03-31",0.0011855953,0.0240707372,-0.0229295488,0.0002600325,0.0032814944
"1934-04-30",-0.0178200196,0.0287186234,-0.0373697481,0.0000000000,-0.0190611622
"1934-05-31",-0.0730657964,-0.0038489961,-0.0597794636,0.0000000000,0.0165270862
"1934-06-30",0.0264956527,-0.0236486915,-0.0249536767,0.0000000000,0.0063924423
"1934-07-31",-0.1095501220,-0.0791595464,-0.1165384009,0.0000000000,0.1138878656
"1934-08-31",0.0563948099,0.0508206260,0.0071610676,0.0000000000,0.0002560314
"1934-09-30",-0.0022713011,-0.0169049954,-0.0104043146,0.0000000000,-0.0048993717
"1934-10-31",-0.0166681109,0.0066084175,-0.0482152773,0.0000000000,0.0292235293
"1934-11-30",0.0836899945,0.0600715599,-0.0188386535,0.0000000000,-0.0241798354
"1934-12-31",0.0042457832,0.0323618244,-0.0307614295,0.0000000000,0.0500057117
"1935-01-31",-0.0344655117,0.0108745473,-0.0171754195,0.0002600325,0.0338137228
"1935-02-28",-0.0196166514,0.0049170733,-0.0736885447,0.0002200231,0.1293246608
"1935-03-31",-0.0366262354,-0.0369155075,-0.0501565689,0.0000000000,0.0069501089
"1935-04-30",0.0905022853,-0.0174747076,0.0414963292,0.0002500300,-0.0549215016
"1935-05-31",0.0339659265,-0.0404720541,0.0381486136,0.0002600325,-0.0505746502
"1935-06-30",0.0592992757,-0.0247449843,-0.0134239370,0.0000000000,0.0228100613
"1935-07-31",0.0757359024,0.0135917875,0.0637934010,0.0002600325,0.0082538436
"1935-08-31",0.0255355197,0.0579970633,0.0586466679,0.0000000000,-0.0448994212
"1935-09-30",0.0263864770,0.0156786929,-0.0382394833,0.0002400276,0.0943548681
"1935-10-31",0.0702879547,0.0245527167,-0.0204587851,0.0000000000,0.0267207355
"1935-11-30",0.0482684984,0.0406137674,0.1170274636,0.0002300253,-0.0510102811
"1935-12-31",0.0457544581,0.0006907655,0.0099402059,0.0002500300,0.0564210523
"1936-01-31",0.0690596457,0.0499173994,0.1049168019,0.0002600325,0.0067048803
"1936-02-29",0.0249215865,0.0088900205,0.0481620145,0.0002300253,0.0183496839
"1936-03-31",0.0093604356,0.0072162501,-0.0167516497,0.0002600325,0.0079790929
"1936-04-30",-0.0811706975,-0.0651715671,-0.0209926595,0.0002500300,-0.0739023817
"1936-05-31",0.0522599118,0.0074819408,0.0256089601,0.0002500300,0.0348943376
"1936-06-30",0.0240723195,-0.0327179424,-0.0102531690,0.0002600325,0.0077922542
"1936-07-31",0.0671099652,0.0115925287,0.0258379100,0.0002600325,0.0132056646
"1936-08-31",0.0101943694,0.0064164939,0.0397967402,0.0002600325,0.0032248842
"1936-09-30",0.0100247658,0.0307425222,0.0090867575,0.0000000000,0.0053898479
"1936-10-31",0.0722985299,-0.0218247405,0.0243556980,0.0002600325,-0.0022885545
"1936-11-30",0.0332009292,0.0878385794,-0.0095356614,0.0000000000,0.0182456774
"1936-12-31",0.0021556134,0.0347150058,0.0380573184,0.0000000000,-0.0343048655
"1937-01-31",0.0335821460,0.0432497567,0.0266474895,0.0000000000,-0.0151869248
"1937-02-28",0.0112110232,0.0082789718,0.0451978496,0.0002200231,0.0227052664
"1937-03-31",-0.0028612997,-0.0022566825,0.0899907596,0.0002600325,0.0470700777
"1937-04-30",-0.0732447700,-0.0394993914,-0.0370954497,0.0002600325,-0.0576464622
"1937-05-31",-0.0082327974,-0.0068935275,-0.0338976518,0.0007202485,0.0000093336
"1937-06-30",-0.0425323772,-0.0395603229,-0.0311193721,0.0002600325,0.0210087301
"1937-07-31",0.0893087513,0.0077778234,0.0082506413,0.0002500300,0.0010262989
"1937-08-31",-0.0489362706,0.0043582342,-0.0234323524,0.0002600325,-0.0198213427
"1937-09-30",-0.1352839695,-0.0782171767,-0.0494715448,0.0002500300,-0.0550015202
"1937-10-31",-0.0939774560,0.0139046911,-0.0098230793,0.0002500300,-0.0372683852
"1937-11-30",-0.0832682783,-0.0418291505,0.0050998473,0.0002300253,-0.0541745408
"1937-12-31",-0.0431262081,-0.0833495925,-0.0028121563,0.0000000000,0.0898057887
"1938-01-31",0.0044711300,0.0495982094,-0.0138358983,0.0000000000,-0.0198432710
"1938-02-28",0.0586652218,0.0018366902,-0.0182158871,0.0000000000,-0.0517076999
"1938-03-31",-0.2386120463,-0.0556557896,-0.0429623023,0.0000000000,0.2258953550
"1938-04-30",0.1449053317,0.0532941181,0.0053921924,0.0000000000,-0.0654997771
"1938-05-31",-0.0384706454,-0.0275100405,-0.0018738346,0.0000000000,0.0594990493
"1938-06-30",0.2395937274,0.0300723403,0.0039145147,0.0000000000,-0.2044226902
"1938-07-31",0.0734692145,0.0622680091,0.0225106039,0.0000000000,-0.0729196491
"1938-08-31",-0.0270112997,-0.0248455201,-0.0474214109,0.0000000000,0.0244194253
"1938-09-30",0.0081305648,-0.0242584192,-0.0100121881,0.0002500300,0.0653811439
"1938-10-31",0.0779960922,0.0529772419,0.0476055067,0.0000000000,-0.0693892073
"1938-11-30",-0.0173738326,-0.0263485183,-0.0110856588,-0.0006897723,-0.0028252832
"1938-12-31",0.0423915003,-0.0162279197,0.0057096961,0.0000000000,-0.0203504492
"1939-01-31",-0.0593040518,-0.0163797830,-0.0384923730,0.0000000000,-0.0268011109
"1939-02-28",0.0351641642,0.0057465904,0.0293023452,0.0000000000,0.0281863444
"1939-03-31",-0.1203617020,-0.0519237264,-0.0911536807,0.0000000000,-0.0825431754
"1939-04-30",-0.0024542775,0.0191529610,0.0002965330,0.0000000000,0.0298254648
"1939-05-31",0.0677513866,0.0257397509,0.0058413419,0.0000000000,-0.0023459283
"1939-06-30",-0.0537563678,-0.0105076588,-0.0560860972,0.0000000000,0.0909537626
"1939-07-31",0.1022832549,0.0393518372,0.0008821380,0.0000000000,-0.0393559285
"1939-08-31",-0.0666653524,-0.0479515763,-0.0257881105,0.0000000000,0.0654579874
"1939-09-30",0.1689138780,0.1789991142,0.1945733523,0.0000000000,-0.2981596808
"1939-10-31",-0.0054605487,0.0003875922,-0.0483631617,0.0000000000,-0.0377371300
"1939-11-30",-0.0366364390,-0.0527403879,-0.0683583610,0.0000000000,-0.0178763624
"1939-12-31",0.0303750549,0.0087751605,-0.0387985262,0.0000000000,0.0492697370
"1940-01-31",-0.0242422335,0.0029476330,-0.0075557277,0.0000000000,-0.0156263652
"1940-02-29",0.0144551168,0.0247116255,-0.0029132800,0.0000000000,0.0243183273
"1940-03-31",0.0207414628,0.0128462702,-0.0124958809,0.0000000000,0.0058998629
"1940-04-30",0.0023146463,0.0399743999,-0.0007403594,0.0000000000,0.0414468599
"1940-05-31",-0.2197577828,-0.0739514277,-0.0467910118,-0.0002599675,0.0207452751
"1940-06-30",0.0664881603,-0.0167924250,0.0449946434,0.0000000000,-0.0185184100
"1940-07-31",0.0315984629,0.0097439661,-0.0070161179,0.0000000000,-0.0063458979
"1940-08-31",0.0223641428,-0.0016071733,0.0060385140,0.0000000000,-0.0232995898
"1940-09-30",0.0240724093,0.0318744419,-0.0098789428,0.0000000000,-0.0330180597
"1940-10-31",0.0304797053,0.0031772693,0.0459976888,0.0000000000,-0.0449244654
"1940-11-30",-0.0161353919,0.0202685432,0.0040420888,0.0000000000,-0.0163461349
"1940-12-31",0.0068494528,-0.0217737666,-0.0092289691,0.0000000000,0.0334533839
"1941-01-31",-0.0420425947,0.0103811403,0.0406095727,0.0000000000,-0.0569754020
"1941-02-28",-0.0145663945,-0.0153841403,0.0097406605,0.0000000000,-0.0060141127
"1941-03-31",0.0085336206,0.0006155032,0.0304248880,0.0000000000,0.0177229943
"1941-04-30",-0.0543261855,-0.0175716246,0.0371765959,0.0000000000,0.0165364475
"1941-05-31",0.0134442433,-0.0068786049,0.0063982758,0.0000000000,0.0471446588
"1941-06-30",0.0583059484,0.0125874245,0.0058459083,0.0000000000,-0.0207200242
"1941-07-31",0.0584036425,0.0530203206,0.0678186574,0.0002600325,-0.0090657240
"1941-08-31",-0.0017367414,-0.0040052008,-0.0109667745,0.0000000000,0.0023661545
"1941-09-30",-0.0087148026,-0.0099155542,-0.0025231625,0.0000000000,0.0038779810
"1941-10-31",-0.0525813662,-0.0207095103,0.0178666040,0.0000000000,0.0481996618
"1941-11-30",-0.0196633559,-0.0113344431,-0.0056923062,0.0000000000,0.0522210376
"1941-12-31",-0.0490377106,-0.0283644640,-0.0600339542,0.0000000000,-0.0044071104
"1942-01-31",0.0077153414,0.0741483524,0.1002051730,0.0002600325,-0.0774332978
"1942-02-28",-0.0242554567,0.0176546340,-0.0107543352,0.0002200231,-0.0106186659
"1942-03-31",-0.0659241476,0.0185503907,-0.0060186527,0.0000000000,0.0063542321
"1942-04-30",-0.0436354659,-0.0049544157,0.0225121482,0.0000000000,-0.0104773160
"1942-05-31",0.0595601807,-0.0309457424,-0.0252582209,0.0002500300,-0.0282022901
"1942-06-30",0.0266313992,-0.0131543800,0.0042648949,0.0002600325,-0.0348188443
"1942-07-31",0.0347144993,-0.0019237522,0.0239787317,0.0002600325,-0.0038923455
"1942-08-31",0.0178609992,-0.0004860321,0.0129840587,0.0002600325,-0.0007971168
"1942-09-30",0.0262784121,0.0062646187,0.0233046451,0.0002500300,0.0019500162
"1942-10-31",0.0682743460,0.0150007081,0.0610164100,0.0002600325,-0.0089311131
"1942-11-30",0.0014812462,-0.0153606719,-0.0425220716,0.0002200231,0.0213219071
"1942-12-31",0.0514509985,-0.0240028814,0.0059440544,0.0002600325,0.0333780739
"1943-01-31",0.0713769786,0.0816163148,0.0751590067,0.0002500300,-0.0426570572
"1943-02-28",0.0615556744,0.0451501336,0.0615112849,0.0002200231,0.0333925771
"1943-03-31",0.0607772131,0.0478843433,0.0524134038,0.0002700351,0.0570017610
"1943-04-30",0.0080710098,0.0211665579,0.0609257932,0.0002500300,0.0601267296
"1943-05-31",0.0575047695,0.0417921213,0.0313820569,0.0002500300,0.0574454413
"1943-06-30",0.0182425307,-0.0097935442,-0.0066141627,0.0002600325,-0.0159014103
"1943-07-31",-0.0474592959,-0.0252706375,-0.0225549878,0.0002600325,-0.0507105690
"1943-08-31",0.0131273024,-0.0063140319,-0.0039432855,0.0002600325,0.0056584314
"1943-09-30",0.0241519120,0.0126816731,0.0140444878,0.0002500300,0.0276012245
"1943-10-31",-0.0113339916,0.0060502212,0.0176390361,0.0002500300,-0.0118187469
"1943-11-30",-0.0593207701,-0.0158176266,-0.0408149919,0.0002300253,-0.0403853985
"1943-12-31",0.0637334916,0.0308652618,0.0295982685,0.0002600325,0.0321573957
"1944-01-31",0.0175112712,0.0255306035,0.0224955770,0.0002500300,-0.0146574040
"1944-02-29",0.0035418082,-0.0007511234,0.0081389820,0.0002300253,-0.0086274325
"1944-03-31",0.0247225249,0.0166383112,0.0337723120,0.0002700351,0.0007027162
"1944-04-30",-0.0167472149,-0.0127899838,-0.0104827395,0.0002400276,0.0081891831
"1944-05-31",0.0507966756,0.0156879608,0.0094511811,0.0002600325,0.0166979072
"1944-06-30",0.0548696409,0.0383356297,0.0174131167,0.0002600325,-0.0116065069
"1944-07-31",-0.0147826726,0.0059846531,-0.0037268999,0.0002500300,-0.0235479067
"1944-08-31",0.0156059064,0.0234759764,-0.0156969322,0.0002500300,0.0416182193
"1944-09-30",0.0002254971,0.0049987689,-0.0112422413,0.0002400276,-0.0026275591
"1944-10-31",0.0017636846,-0.0015514739,-0.0029860617,0.0002500300,-0.0083772349
"1944-11-30",0.0170797092,0.0038576137,0.0231526816,0.0002300253,0.0041998760
"1944-12-31",0.0407679660,0.0218779577,0.0572088028,0.0002500300,0.0080111671
"1945-01-31",0.0200429903,0.0238164215,0.0078692123,0.0002600325,-0.0148379322
"1945-02-28",0.0622036607,0.0147507368,0.0418404500,0.0002200231,0.0175133526
"1945-03-31",-0.0391261431,-0.0172501563,-0.0161353743,0.0002600325,-0.0460795431
"1945-04-30",0.0781485359,0.0042657827,0.0289952692,0.0002400276,0.0437276856
"1945-05-31",0.0171111053,0.0149351337,0.0035462281,0.0002600325,-0.0142514806
"1945-06-30",0.0035652760,0.0311590541,0.0433590471,0.0002600325,0.0198155032
"1945-07-31",-0.0221714851,-0.0148639327,-0.0267287965,0.0002100210,-0.0425961072
"1945-08-31",0.0621148599,0.0156609565,-0.0402321478,0.0002100210,-0.0224501294
"1945-09-30",0.0477033608,0.0168862306,0.0041317947,0.0002300253,0.0060261232
"1945-10-31",0.0387202583,0.0231029253,0.0211694066,0.0002400276,-0.0106576656
"1945-11-30",0.0541118405,0.0400056081,0.0422747302,0.0002300253,0.0139800743
"1945-12-31",0.0126252635,0.0218576347,-0.0227112779,0.0002400276,0.0108791158
"1946-01-31",0.0630524258,0.0379214461,0.0214801063,0.0002600325,0.0217284626
"1946-02-28",-0.0585381482,-0.0064405612,-0.0128254726,0.0002100210,-0.0203643266
"1946-03-31",0.0590636888,0.0031752348,-0.0035568197,0.0002600325,0.0112828549
"1946-04-30",0.0424773404,0.0230925584,0.0044479983,0.0002500300,0.0381726625
"1946-05-31",0.0393506481,0.0142057599,0.0108281073,0.0002500300,-0.0062068540
"1946-06-30",-0.0388202064,-0.0159507509,-0.0059567108,0.0002000190,-0.0241020977
"1946-07-31",-0.0268896747,-0.0193560333,0.0005327320,0.0002200231,-0.0001814824
"1946-08-31",-0.0651016511,-0.0190064488,0.0066767233,0.0002200231,0.0045085797
"1946-09-30",-0.1018566489,-0.0459378170,-0.0197837663,0.0002000190,0.0274715454
"1946-10-31",-0.0140185272,0.0016135187,0.0358733318,0.0002600325,-0.0024225071
"1946-11-30",-0.0002422875,-0.0037310819,0.0157606351,0.0002300253,0.0153102578
"1946-12-31",0.0496737707,0.0006326035,-0.0133571270,0.0002500300,0.0101937653
"1947-01-31",0.0124514991,0.0220090133,-0.0071288400,0.0002600325,-0.0662194471
"1947-02-28",-0.0116569489,0.0072301650,0.0014686733,0.0002200231,-0.0062736500
"1947-03-31",-0.0167740159,-0.0158666161,0.0061931243,0.0002600325,0.0298188171
"1947-04-30",-0.0480140014,-0.0408928829,0.0092779615,0.0002500300,0.0591571478
"1947-05-31",-0.0094701497,-0.0322198411,0.0040033284,0.0002500300,0.0437496182
"1947-06-30",0.0529117918,-0.0028067968,-0.0056499562,0.0002100210,-0.0127354778
"1947-07-31",0.0414573000,0.0145437631,0.0276574140,0.0002200231,-0.0315202836
"1947-08-31",-0.0174194878,0.0031602565,0.0020744127,0.0002100210,0.0147478949
"1947-09-30",-0.0054264587,0.0162735495,0.0138666091,0.0006301890,0.0061743247
"1947-10-31",0.0246978969,0.0053756922,0.0013497239,0.0005201300,0.0123537815
"1947-11-30",-0.0200517692,-0.0177117620,0.0113973906,0.0006602079,0.0398825558
"1947-12-31",0.0301362438,-0.0236907604,0.0370013227,0.0007802926,0.0307517718
"1948-01-31",-0.0392830967,0.0261551186,0.0142561034,0.0007502701,-0.0518261386
"1948-02-29",-0.0437264877,-0.0174419841,0.0014526928,0.0006602079,0.0125037095
"1948-03-31",0.0809670021,0.0014982883,0.0426411105,0.0007802926,-0.0001474098
"1948-04-30",0.0365408805,-0.0156612357,0.0404846574,0.0007802926,0.0397533770
"1948-05-31",0.0732620644,0.0088052039,-0.0116944665,0.0007202485,0.0014442049
"1948-06-30",-0.0010539267,-0.0184374140,0.0285368147,0.0008803697,0.0499202641
"1948-07-31",-0.0510933473,-0.0036673525,0.0014067045,0.0008403361,-0.0121635392
"1948-08-31",0.0025475915,-0.0113377348,0.0029818796,0.0008803697,0.0012062389
"1948-09-30",-0.0300250424,-0.0128039326,-0.0175503626,0.0004200840,0.0024409603
"1948-10-31",0.0597954680,-0.0141408694,0.0055803155,0.0005001200,0.0236658088
"1948-11-30",-0.0933374380,-0.0058640546,-0.0436419614,0.0004601012,-0.0019360931
"1948-12-31",0.0324504815,-0.0272953412,-0.0188029955,0.0005201300,0.0383326854
"1949-01-31",0.0022717957,0.0181792175,0.0118688715,0.0010004801,-0.0431537723
"1949-02-28",-0.0292747992,-0.0193617264,-0.0090909130,0.0008803697,-0.0090177569
"1949-03-31",0.0402455205,0.0237402593,0.0130742864,0.0010805618,-0.0286863633
"1949-04-30",-0.0186200278,-0.0087984358,-0.0118145575,0.0010004801,0.0402039803
"1949-05-31",-0.0296217560,-0.0078263799,-0.0247547700,0.0009604417,0.0338747083
"1949-06-30",0.0012376624,-0.0086283151,-0.0173116108,0.0008803697,-0.0021946401
"1949-07-31",0.0553697977,0.0052952253,0.0035816642,0.0008003041,-0.0232303202
"1949-08-31",0.0259576349,0.0011214550,-0.0053987979,0.0009204049,0.0091560789
"1949-09-30",0.0307899068,0.0101954844,0.0027685325,0.0008403361,-0.0170558196
"1949-10-31",0.0315133508,0.0100925447,-0.0045900873,0.0010004801,-0.0034497471
"1949-11-30",0.0186033855,-0.0091194742,-0.0088577330,0.0009204049,0.0158582784
"1949-12-31",0.0510390628,0.0198322556,0.0166756462,0.0010004801,-0.0164388055
"1950-01-31",0.0172444920,0.0330510420,0.0023840090,0.0010004801,-0.0273901399
"1950-02-28",0.0146604258,0.0001580425,-0.0078862744,0.0008803697,0.0103010121
"1950-03-31",0.0127019285,-0.0142702512,-0.0273930762,0.0010805618,0.0139310735
"1950-04-30",0.0393655976,0.0192136781,0.0129952672,0.0009604417,0.0204400198
"1950-05-31",0.0434191772,-0.0203470639,0.0044834141,0.0010405202,0.0046756015
"1950-06-30",-0.0592560007,-0.0251643635,-0.0073108408,0.0008803697,-0.0176337895
"1950-07-31",0.0135427026,0.0055786103,0.1381205883,0.0010004751,-0.0202838660
"1950-08-31",0.0485076199,0.0068718467,-0.0132963862,0.0009204049,0.0178590044
"1950-09-30",0.0482683400,0.0053673688,-0.0102999747,0.0010004751,-0.0150479662
"1950-10-31",-0.0018004703,-0.0058546535,0.0148209732,0.0012507503,0.0141319363
"1950-11-30",0.0275319081,-0.0085134515,0.0324936980,0.0011506327,0.0342693223
"1950-12-31",0.0554282498,0.0147145201,0.0707952758,0.0012006903,0.0474233433
"1951-01-31",0.0573082074,0.0166441220,0.0360920970,0.0013008128,0.0069446252
"1951-02-28",0.0140678666,0.0008704442,-0.0278286505,0.0011005777,-0.0152522131
"1951-03-31",-0.0214412605,-0.0065336732,-0.0419731663,0.0010405202,-0.0351938691
"1951-04-30",0.0488612239,-0.0145302414,0.0321357388,0.0012507503,0.0514715213
"1951-05-31",-0.0237046566,-0.0001549965,-0.0133302639,0.0013008128,-0.0224301321
"1951-06-30",-0.0262194537,-0.0199549271,-0.0402893089,0.0012607563,-0.0065208302
"1951-07-31",0.0692761500,-0.0191187191,0.0194711604,0.0012607563,0.0613146990
"1951-08-31",0.0428691482,0.0095157656,-0.0012136213,0.0013809112,0.0125010190
"1951-09-30",0.0068713462,0.0188325328,0.0060643859,0.0011406158,-0.0013490099
"1951-10-31",-0.0253856958,-0.0022715499,0.0027830552,0.0015611706,-0.0091822153
"1951-11-30",0.0057420615,-0.0030302882,-0.0007485202,0.0011506327,0.0012825357
"1951-12-31",0.0334954410,-0.0219044793,-0.0153542542,0.0012507503,0.0145650927
"1952-01-31",0.0146282798,-0.0058444025,0.0151533747,0.0015611706,0.0115369272
"1952-02-29",-0.0265316528,0.0080878217,-0.0063357034,0.0011506327,-0.0252915183
"1952-03-31",0.0444560749,-0.0288559221,0.0216351969,0.0010405202,0.0137395301
"1952-04-30",-0.0496620961,0.0048519174,-0.0004936141,0.0012507503,-0.0031901686
"1952-05-31",0.0319842427,-0.0099905108,0.0008448516,0.0012507503,0.0013706986
"1952-06-30",0.0384222253,-0.0157001468,0.0122051591,0.0014710295,0.0120562367
"1952-07-31",0.0092354896,-0.0039266933,-0.0032449574,0.0015411324,0.0004710952
"1952-08-31",-0.0075796066,0.0117512560,0.0002778129,0.0014710295,0.0103331656
"1952-09-30",-0.0203689209,0.0115323632,-0.0150260481,0.0016813447,0.0291724458
"1952-10-31",-0.0066547979,-0.0110808661,-0.0045232909,0.0013208319,0.0248415444
"1952-11-30",0.0596886785,-0.0070164618,0.0091820375,0.0010204897,-0.0013774662
"1952-12-31",0.0291406537,-0.0144489257,0.0017428238,0.0015411324,0.0088916771
"1953-01-31",-0.0032420051,0.0354475295,0.0125331185,0.0016813447,0.0048285621
"1953-02-28",-0.0024407830,0.0220074958,-0.0003617630,0.0014409796,0.0016594581
"1953-03-31",-0.0146034059,-0.0018274391,-0.0081196715,0.0017614792,-0.0064402309
"1953-04-30",-0.0280722452,0.0025520272,0.0158482603,0.0016813447,0.0174755312
"1953-05-31",0.0051129663,-0.0008225229,0.0023494398,0.0016813447,0.0106323574
"1953-06-30",-0.0187428587,-0.0196661548,-0.0043370278,0.0017614792,0.0028506077
"1953-07-31",0.0239603830,-0.0107767825,-0.0019436447,0.0013809112,-0.0025140408
"1953-08-31",-0.0455442822,0.0038762223,-0.0366904797,0.0016813447,0.0159904012
"1953-09-30",0.0021651482,-0.0085338394,-0.0236576758,0.0016813447,0.0289400255
"1953-10-31",0.0458818642,-0.0132410577,-0.0018714709,0.0012607563,0.0075383045
"1953-11-30",0.0283481668,-0.0129653187,-0.0014390950,0.0007202449,0.0156416434
"1953-12-31",0.0001250422,-0.0086983317,-0.0283662389,0.0013208319,0.0536109556
"1954-01-31",0.0513519699,0.0042546105,0.0338066031,0.0010004751,-0.0522464513
"1954-02-28",0.0167812046,-0.0018223182,-0.0027174126,0.0007602737,0.0178172257
"1954-03-31",0.0369956749,-0.0046178388,-0.0140563542,0.0006902277,0.0241238886
"1954-04-30",0.0426185826,-0.0335935991,-0.0031854754,0.0008403361,0.0548948352
"1954-05-31",0.0309482342,0.0036814294,0.0240221385,0.0006001710,-0.0093927047
"1954-06-30",0.0110862876,0.0040202419,-0.0000834953,0.0006602079,0.0377374311
"1954-07-31",0.0496812424,0.0101874338,0.0394187056,0.0004200840,0.0026462596
"1954-08-31",-0.0235284407,0.0275857014,-0.0138466647,0.0004400924,-0.0171839862
"1954-09-30",0.0639339168,-0.0240682974,0.0063919544,0.0008403361,0.0243784071
"1954-10-31",-0.0166566531,0.0058763152,0.0071326826,0.0006301890,0.0059630095
"1954-11-30",0.0942760024,-0.0240921206,0.0404542155,0.0006001710,0.0131670976
"1954-12-31",0.0550081709,0.0201184745,0.0546630021,0.0008803697,-0.0062555307
"1955-01-31",0.0059355933,0.0017595303,0.0220656975,0.0008403361,0.0170673630
"1955-02-28",0.0301156325,0.0148159520,0.0064507132,0.0007602737,0.0109054262
"1955-03-31",-0.0015691740,-0.0060725611,0.0198071647,0.0009204049,0.0132799520
"1955-04-30",0.0309653902,-0.0176082012,0.0085939398,0.0010004751,0.0031962167
"1955-05-31",0.0096293887,-0.0032406198,-0.0082292144,0.0014710295,0.0034936681
"1955-06-30",0.0652297464,-0.0435429365,0.0184917293,0.0011005777,0.0387933580
"1955-07-31",0.0188912890,-0.0135675622,0.0061140107,0.0010004751,-0.0212677154
"1955-08-31",0.0022377450,-0.0039388214,0.0056730174,0.0016112403,0.0079219805
"1955-09-30",-0.0037503350,0.0033328336,-0.0116120664,0.0016813447,0.0221706304
"1955-10-31",-0.0267521392,0.0142394027,0.0006629400,0.0018917020,-0.0028578041
"1955-11-30",0.0705065183,-0.0233512870,0.0043295970,0.0016012166,0.0148747545
"1955-12-31",0.0151596267,0.0204456646,-0.0221153503,0.0018917020,-0.0121665589
"1956-01-31",-0.0302490371,0.0043409875,0.0114252091,0.0021021013,-0.0157989122
"1956-02-29",0.0378594458,-0.0103102790,-0.0052440948,0.0020019011,0.0137322111
"1956-03-31",0.0659785823,-0.0230116592,-0.0012464322,0.0014710295,0.0352027927
"1956-04-30",0.0026475691,0.0002029470,-0.0017668222,0.0018917020,0.0300069705
"1956-05-31",-0.0517952647,0.0154534407,-0.0136945036,0.0022023115,-0.0225312479
"1956-06-30",0.0348493297,-0.0144626913,-0.0127452645,0.0018917020,0.0289514165
"1956-07-31",0.0477299563,-0.0166930661,0.0005771290,0.0021021013,0.0191929471
"1956-08-31",-0.0316677908,0.0195491524,-0.0071290324,0.0016112403,-0.0097151765
"1956-09-30",-0.0513818639,0.0163687236,0.0184690825,0.0019017110,-0.0075018753
"1956-10-31",0.0051788388,-0.0007613034,-0.0007769069,0.0025330637,0.0231359416
"1956-11-30",0.0037332610,-0.0034475608,0.0169724843,0.0020019011,0.0462750761
"1956-12-31",0.0314903177,-0.0008081692,-0.0205909975,0.0022824641,0.0360099691
"1957-01-31",-0.0358750110,0.0350997547,0.0284051089,0.0026433291,-0.0347611475
"1957-02-28",-0.0206766515,-0.0078069203,-0.0069248783,0.0024728920,0.0050195617
"1957-03-31",0.0210638864,0.0029566520,-0.0053112287,0.0023125428,-0.0001919602
"1957-04-30",0.0423356739,-0.0156127100,-0.0144502530,0.0025230263,0.0159749470
"1957-05-31",0.0342654977,-0.0108838587,-0.0194735015,0.0026433291,0.0093218179
"1957-06-30",-0.0075427514,0.0055712544,-0.0007517416,0.0024027380,0.0061803002
"1957-07-31",0.0066712834,-0.0074270442,0.0037227600,0.0028639073,-0.0055261397
"1957-08-31",-0.0511441072,0.0002165520,-0.0057243223,0.0024227972,-0.0005930563
"1957-09-30",-0.0600533814,0.0008163304,0.0088885051,0.0026032135,0.0198227324
"1957-10-31",-0.0430877829,-0.0262006228,-0.0204184793,0.0029942796,0.0208383335
"1957-11-30",0.0231086239,0.0029669638,-0.0287730948,0.0028538508,0.0078179017
"1957-12-31",-0.0391184398,-0.0099464231,-0.0181937573,0.0023125428,0.0863124258
"1958-01-31",0.0463631768,0.0410851887,0.0403911523,0.0028639073,-0.0703199436
"1958-02-28",-0.0152078242,0.0067579524,0.0028791108,0.0012006842,0.0365845049
"1958-03-31",0.0325808479,0.0060675809,-0.0086141931,0.0008403361,-0.0147054618
"1958-04-30",0.0309240774,-0.0060363369,0.0139834557,0.0008403361,0.0127054710
"1958-05-31",0.0231711252,0.0219871350,-0.0030361967,0.0010505252,-0.0137177656
"1958-06-30",0.0295206409,-0.0024242174,0.0048584248,0.0002100210,-0.0115618103
"1958-07-31",0.0438326648,0.0047425278,0.0301449990,0.0006602079,-0.0377383368
"1958-08-31",0.0192087358,0.0114255582,0.0027999578,0.0004200840,-0.0001496550
"1958-09-30",0.0462140911,0.0012327462,0.0280792931,0.0018917020,-0.0123411358
"1958-10-31",0.0253648773,0.0101868656,-0.0108542854,0.0018416201,0.0182422379
"1958-11-30",0.0299879512,0.0199248559,-0.0119993711,0.0010805510,0.0065356955
"1958-12-31",0.0510343675,-0.0200579602,0.0000385193,0.0023125428,-0.0098452725
"1959-01-31",0.0070448456,0.0297628671,0.0295887308,0.0021021013,-0.0100038596
"1959-02-28",0.0096635062,0.0149741790,0.0103903948,0.0019017110,0.0270883545
"1959-03-31",0.0028670797,0.0142375772,-0.0039612374,0.0021021013,-0.0033482818
"1959-04-30",0.0363332790,-0.0061699512,-0.0118388587,0.0019818722,0.0404743740
"1959-05-31",0.0174422811,-0.0210521519,0.0189576971,0.0021021013,0.0120462751
"1959-06-30",-0.0029437678,0.0069850586,0.0134569484,0.0024227972,0.0257087148
"1959-07-31",0.0315671900,-0.0035844602,0.0031647326,0.0024227972,-0.0073713521
"1959-08-31",-0.0140162630,-0.0085221612,0.0053660684,0.0018917020,-0.0104644461
"1959-09-30",-0.0480555638,-0.0013519007,0.0057280613,0.0031547295,0.0050579959
"1959-10-31",0.0125863755,0.0126971738,-0.0212469939,0.0030845318,0.0289082974
"1959-11-30",0.0162073554,0.0121984522,-0.0317123022,0.0024728920,0.0239921932
"1959-12-31",0.0245575460,-0.0056576409,-0.0003465316,0.0033052027,-0.0021470992
"1960-01-31",-0.0696888789,0.0221592793,0.0290340013,0.0034054966,-0.0404708703
"1960-02-29",0.0118364826,0.0050501206,-0.0196778651,0.0028037271,0.0261297072
"1960-03-31",-0.0162356596,-0.0048573584,-0.0288597640,0.0034556985,0.0145467660
"1960-04-30",-0.0167535698,0.0027560581,-0.0227822104,0.0020019011,0.0322255359
"1960-05-31",0.0309553565,0.0119841167,-0.0361952594,0.0027335519,0.0502339808
"1960-06-30",0.0207887344,-0.0032110098,-0.0042142168,0.0024227972,0.0114677331
"1960-07-31",-0.0235152793,-0.0051264751,0.0212290995,0.0014009314,-0.0009493334
"1960-08-31",0.0299341834,0.0084565293,-0.0014479127,0.0016112403,0.0192335391
"1960-09-30",-0.0599143629,-0.0113799620,0.0164478673,0.0016813447,0.0003666973
"1960-10-31",-0.0070052507,-0.0402698921,0.0272782890,0.0021021013,0.0131309965
"1960-11-30",0.0471535859,0.0034187736,-0.0240141319,0.0014009314,0.0365076546
"1960-12-31",0.0471691233,-0.0150728459,-0.0075516595,0.0014710295,0.0067019926
"1961-01-31",0.0617968754,0.0060488199,0.0344466511,0.0018917020,-0.0432514971
"1961-02-28",0.0358656143,0.0389643842,-0.0064420442,0.0015210949,0.0224822486
"1961-03-31",0.0294427350,0.0315098613,-0.0088814637,0.0019818722,0.0399462367
"1961-04-30",0.0028864279,0.0006400384,0.0210672665,0.0018015398,0.0389811963
"1961-05-31",0.0237801620,0.0196045171,0.0038269861,0.0016813447,-0.0217642376
"1961-06-30",-0.0307814036,-0.0250578528,-0.0019551019,0.0019818722,0.0024278304
"1961-07-31",0.0279910076,-0.0186685407,-0.0008527209,0.0018015398,-0.0025530665
"1961-08-31",0.0258425485,-0.0167867182,-0.0030536316,0.0013809112,0.0202329230
"1961-09-30",-0.0214640366,-0.0108847253,-0.0063478296,0.0016012166,0.0102013231
"1961-10-31",0.0259073476,-0.0160996532,0.0007483174,0.0017614792,0.0260896331
"1961-11-30",0.0443803685,0.0114384299,-0.0112068512,0.0016012166,0.0230935512
"1961-12-31",-0.0017453801,-0.0094025508,0.0169726878,0.0018015398,-0.0301890385
"1962-01-31",-0.0388120114,0.0182900436,0.0526921250,0.0024227972,-0.0196626875
"1962-02-28",0.0179351346,-0.0114736047,0.0084020146,0.0020920704,-0.0091112908
"1962-03-31",-0.0067113491,0.0066767614,-0.0162053870,0.0019818722,0.0160573509
"1962-04-30",-0.0657712057,-0.0087918669,0.0021688661,0.0022023005,0.0301561634
"1962-05-31",-0.0866150558,-0.0363753823,0.0266354155,0.0024227972,0.0060514436
"1962-06-30",-0.0847824759,-0.0064260622,0.0259276093,0.0018917020,0.0740792230
"1962-07-31",0.0625793235,0.0141958377,-0.0329695544,0.0027335519,-0.0063862738
"1962-08-31",0.0211538322,0.0120211620,-0.0122335948,0.0023025318,-0.0037943575
"1962-09-30",-0.0522495760,-0.0254049875,0.0127052982,0.0020920704,0.0305317830
"1962-10-31",-0.0005691318,-0.0397651868,0.0118575731,0.0025330637,0.0149060156
"1962-11-30",0.1086637840,0.0235956134,0.0088556211,0.0020019011,-0.0712998806
"1962-12-31",0.0103949406,-0.0375520690,0.0033462369,0.0024027380,0.0602477081
"1963-01-31",0.0491418814,0.0290596352,0.0209663912,0.0024227972,-0.0285020072
"1963-02-28",-0.0236923621,0.0047825789,0.0221812313,0.0022824641,0.0229174617
"1963-03-31",0.0306051617,-0.0252184890,0.0209744262,0.0023125428,0.0208481522
"1963-04-30",0.0453674717,-0.0125525418,0.0096033423,0.0025230263,-0.0048956753
"1963-05-31",0.0174291184,0.0102987696,0.0241085894,0.0024227972,0.0084019268
"1963-06-30",-0.0199160096,-0.0026239761,0.0071794800,0.0022023005,0.0066613218
"1963-07-31",-0.0040270213,-0.0057122300,-0.0085038494,0.0026433291,0.0135052221
"1963-08-31",0.0508012951,-0.0092993772,0.0154730977,0.0024227972,0.0059669179
"1963-09-30",-0.0157279477,-0.0026618198,0.0006670140,0.0028037271,-0.0032598865
"1963-10-31",0.0251013984,-0.0060623067,0.0001741523,0.0029942796,0.0306374051
"1963-11-30",-0.0084811481,-0.0121080412,0.0179835674,0.0027034453,-0.0149423908
"1963-12-31",0.0182519456,-0.0191001041,-0.0021396558,0.0029441197,0.0118797690
"1964-01-31",0.0220600237,-0.0023651692,0.0167060748,0.0028639073,0.0132155085
"1964-02-29",0.0154852283,0.0009866250,0.0280016172,0.0026633543,0.0009531742
"1964-03-31",0.0141505818,0.0087939897,0.0326264969,0.0031547295,-0.0022317622
"1964-04-30",0.0011806027,-0.0138489970,-0.0049299412,0.0028639073,-0.0094124314
"1964-05-31",0.0145088237,-0.0088004814,0.0191227518,0.0026032135,0.0247390298
"1964-06-30",0.0124918576,-0.0028166670,0.0069706660,0.0030845318,0.0010291260
"1964-07-31",0.0174629860,0.0021780579,0.0068831033,0.0028639073,-0.0015217460
"1964-08-31",-0.0144797668,0.0014648811,-0.0007397629,0.0027335519,-0.0007694166
"1964-09-30",0.0268855308,-0.0056050255,0.0144429793,0.0027335519,-0.0096922241
"1964-10-31",0.0060305647,0.0045749204,0.0115164883,0.0028639073,0.0059797544
"1964-11-30",-0.0002991544,0.0059896983,-0.0205627181,0.0028538508,0.0099195732
"1964-12-31",0.0003336481,-0.0026123496,-0.0247410475,0.0030845318,-0.0078226623
"1965-01-31",0.0351307846,0.0260754405,0.0019722955,0.0028037271,-0.0107713927
"1965-02-28",0.0045409334,0.0343228225,0.0014559865,0.0030443816,0.0032710080
"1965-03-31",-0.0131752610,0.0179288165,0.0105128798,0.0036864841,-0.0069184165
"1965-04-30",0.0310021774,0.0117438966,0.0067684568,0.0031547295,0.0257795825
"1965-05-31",-0.0077170607,-0.0001416135,-0.0157104842,0.0032048687,0.0086879532
"1965-06-30",-0.0548936498,-0.0437413958,0.0040675416,0.0035259199,-0.0337950794
"1965-07-31",0.0142549031,0.0084867323,0.0215516968,0.0031547295,0.0378737016
"1965-08-31",0.0272101730,0.0275201668,-0.0091012476,0.0033052027,0.0264715290
"1965-09-30",0.0285673707,0.0061949615,-0.0011596212,0.0031547295,0.0343451314
"1965-10-31",0.0259396330,0.0242132663,0.0149545647,0.0031547295,0.0296187642
"1965-11-30",-0.0001598077,0.0468417441,0.0018594924,0.0034054966,0.0570447265
"1965-12-31",0.0099998116,0.0203791100,0.0195671834,0.0033052027,-0.0013703017
"1966-01-31",0.0071608767,0.0398856590,0.0309857652,0.0037868118,0.0558912356
"1966-02-28",-0.0121780432,0.0460471814,0.0035467182,0.0034255461,0.0480285712
"1966-03-31",-0.0248900483,0.0092525305,-0.0215969315,0.0039173204,0.0178874070
"1966-04-30",0.0209541171,0.0356908943,-0.0024093443,0.0034054966,0.0644715029
"1966-05-31",-0.0565789137,-0.0488287562,-0.0163371520,0.0042084106,-0.0468615120
"1966-06-30",-0.0145589436,0.0104557106,0.0052497141,0.0037466835,0.0296470482
"1966-07-31",-0.0161531784,-0.0045503522,0.0097068358,0.0036061627,-0.0131860028
"1966-08-31",-0.0790103926,-0.0342691433,0.0051108964,0.0041482075,-0.0242719448
"1966-09-30",-0.0104921437,-0.0103109605,0.0038453745,0.0039975901,-0.0071867532
"1966-10-31",0.0384251216,-0.0638528465,0.0277402790,0.0046301782,-0.0354770073
"1966-11-30",0.0141249133,0.0415705919,-0.0435194565,0.0040076091,0.0406689536
"1966-12-31",0.0013347156,0.0186985014,-0.0109593867,0.0039975901,0.0055768733
"1967-01-31",0.0814864241,0.0767826417,0.0202994031,0.0042084106,-0.0674390736
"1967-02-28",0.0080290740,0.0335697163,-0.0210287559,0.0036161798,0.0314067546
"1967-03-31",0.0399624464,0.0154630044,0.0027224376,0.0039674934,0.0145220877
"1967-04-30",0.0386318330,0.0043444346,-0.0235183557,0.0032048687,0.0028045248
"1967-05-31",-0.0436436571,0.0223784714,0.0060534476,0.0033052027,0.0025899813
"1967-06-30",0.0241422230,0.0585856061,0.0088062766,0.0026433291,0.0648396194
"1967-07-31",0.0458064271,0.0296203662,0.0249235003,0.0032048687,-0.0097823831
"1967-08-31",-0.0089042855,0.0044456825,0.0148659024,0.0032249637,-0.0145505905
"1967-09-30",0.0308040323,0.0302479065,-0.0231941526,0.0032048687,0.0316026434
"1967-10-31",-0.0310199417,0.0146489207,-0.0344892620,0.0039674934,0.0245663695
"1967-11-30",0.0036852213,0.0020614499,-0.0173340110,0.0036061627,0.0171780446
"1967-12-31",0.0306196458,0.0542917104,-0.0033680415,0.0034054966,0.0289378568
"1968-01-31",-0.0402386503,0.0407809532,0.0488564107,0.0039674934,-0.0452332772
"1968-02-29",-0.0374577710,-0.0296501819,0.0110699778,0.0038068478,-0.0267612404
"1968-03-31",0.0019971350,-0.0118107931,-0.0071895724,0.0037868118,0.0278716969
"1968-04-30",0.0899529162,0.0523835273,-0.0087535817,0.0042083896,0.0537811404
"1968-05-31",0.0223638103,0.0627395575,0.0084666123,0.0044092523,0.0353833990
"1968-06-30",0.0065395746,-0.0017579001,0.0060779662,0.0042585106,-0.0215869609
"1968-07-31",-0.0268821508,-0.0128291767,0.0552671888,0.0047706773,-0.0049029397
"1968-08-31",0.0133348458,0.0234194885,0.0097978153,0.0041481036,0.0223025373
"1968-09-30",0.0409917982,0.0260754293,0.0026263577,0.0042585106,-0.0098112605
"1968-10-31",0.0040968062,-0.0045463286,0.0287573229,0.0043288241,-0.0183222249
"1968-11-30",0.0544826245,0.0226022862,-0.0085061888,0.0042585106,0.0149568116
"1968-12-31",-0.0391816186,0.0356264895,0.0005584526,0.0043288241,-0.0042763977
"1969-01-31",-0.0125740366,-0.0079419187,0.0172749028,0.0052933269,-0.0036548311
"1969-02-28",-0.0583030342,-0.0413229494,0.0089725464,0.0046903572,-0.0189962595
"1969-03-31",0.0267621884,-0.0023780662,-0.0036784293,0.0046100649,0.0453781668
"1969-04-30",0.0144162325,-0.0078066627,0.0003213472,0.0052631458,0.0158558287
"1969-05-31",-0.0007002654,-0.0025302794,0.0044696770,0.0048411252,0.0150738744
"1969-06-30",-0.0721376244,-0.0571749041,-0.0109152877,0.0050521144,-0.0236696525
"1969-07-31",-0.0697730490,-0.0335860677,0.0138669104,0.0052631458,0.0359184184
"1969-08-31",0.0469460056,0.0072605168,-0.0368879296,0.0050521144,0.0089241978
"1969-09-30",-0.0291250113,0.0128387929,-0.0327866882,0.0063189360,0.0310026590
"1969-10-31",0.0505133538,0.0361371175,-0.0295275876,0.0059971340,-0.0316177633
"1969-11-30",-0.0377597113,-0.0256319987,-0.0126789917,0.0051424850,0.0353401901
"1969-12-31",-0.0263230029,-0.0368352120,-0.0309672837,0.0063994647,0.0634010433
"1970-01-31",-0.0800160226,0.0309117203,0.0328371728,0.0061076935,0.0103998404
"1970-02-28",0.0515642962,-0.0212541806,0.0358254337,0.0060975422,-0.0013615007
"1970-03-31",-0.0104605876,-0.0231936923,0.0441169465,0.0056853352,-0.0010553359
"1970-04-30",-0.1093686381,-0.0676211379,0.0752006245,0.0050722387,0.0105656043
"1970-05-31",-0.0690022265,-0.0458788491,0.0318729862,0.0052631458,-0.0371727760
"1970-06-30",-0.0577141294,-0.0226600208,0.0061962798,0.0057356427,0.0939806149
"1970-07-31",0.0687379103,-0.0052226632,0.0082168421,0.0052933269,-0.0306207111
"1970-08-31",0.0448340195,0.0145199076,0.0093757047,0.0052631458,-0.0703563147
"1970-09-30",0.0419681019,0.0833710348,-0.0502724857,0.0052631458,-0.0788544590
"1970-10-31",-0.0225591709,-0.0436646041,0.0029769007,0.0046302014,0.1082646600
"1970-11-30",0.0460475938,-0.0387644591,0.0148401511,0.0046100649,0.0221068546
"1970-12-31",0.0571959972,0.0277699178,0.0084928876,0.0041883497,-0.0238653993
"1971-01-31",0.0482449102,0.0703725731,0.0130470601,0.0038068668,-0.0652016203
"1971-02-28",0.0140281033,0.0187706929,-0.0127785240,0.0032349467,0.0116657961
"1971-03-31",0.0414883460,0.0244130342,-0.0375567763,0.0029942796,-0.0090628055
"1971-04-30",0.0314430391,-0.0047417126,0.0067616249,0.0027335519,0.0300557652
"1971-05-31",-0.0399530778,-0.0109757415,-0.0151175643,0.0030042788,0.0140026059
"1971-06-30",-0.0000804767,-0.0148802083,-0.0199427208,0.0037466835,0.0224226232
"1971-07-31",-0.0451527786,-0.0162259736,0.0013826352,0.0039975901,-0.0151948602
"1971-08-31",0.0349129182,-0.0014175402,0.0261796975,0.0046302014,0.0428296234
"1971-09-30",-0.0084238853,0.0046800031,-0.0289207696,0.0035760755,0.0236235572
"1971-10-31",-0.0439589653,-0.0189752521,-0.0047137715,0.0035760755,-0.0026623065
"1971-11-30",-0.0046415685,-0.0287213439,-0.0166058845,0.0037868118,0.0109715666
"1971-12-31",0.0869117870,0.0314745156,-0.0048473250,0.0037466835,-0.0133993998
"1972-01-31",0.0248340997,0.0598958782,0.0190039043,0.0029441197,-0.0041331977
"1972-02-29",0.0287755722,0.0134455913,-0.0263479775,0.0024027380,0.0206349045
"1972-03-31",0.0062294797,-0.0025795636,-0.0170212134,0.0026433291,0.0351233182
"1972-04-30",0.0026044928,0.0007599493,0.0018661449,0.0028037271,0.0303784097
"1972-05-31",0.0125719499,-0.0278024002,-0.0268093765,0.0030845318,0.0372072961
"1972-06-30",-0.0241813615,0.0040832358,-0.0259030395,0.0028639073,0.0192297331
"1972-07-31",-0.0079578695,-0.0297098398,0.0083534115,0.0032048687,0.0261389628
"1972-08-31",0.0327462067,-0.0388003135,0.0471567600,0.0027636463,-0.0361096792
"1972-09-30",-0.0110787463,-0.0267660705,0.0044385414,0.0034054966,0.0181874704
"1972-10-31",0.0050039601,-0.0276901876,0.0128984100,0.0039674934,0.0098723463
"1972-11-30",0.0453820327,-0.0105363019,0.0475513264,0.0038068668,-0.0488777473
"1972-12-31",0.0068834030,-0.0186965178,-0.0226984552,0.0038068478,0.0580391761
"1973-01-31",-0.0326477046,-0.0360554304,0.0281199377,0.0044192733,0.0341533134
"1973-02-28",-0.0481319020,-0.0417801594,0.0187490341,0.0041882867,0.0339711431
"1973-03-31",-0.0131542637,-0.0282154485,0.0272014800,0.0046302014,0.0354724824
"1973-04-30",-0.0565112250,-0.0418276866,0.0617548363,0.0052128641,0.0778797642
"1973-05-31",-0.0294046465,-0.0631112456,0.0017229049,0.0050722387,0.0654943076
"1973-06-30",-0.0153744367,-0.0301534501,0.0137597692,0.0050521144,0.0498336124
"1973-07-31",0.0499311582,0.0750074361,-0.0478531021,0.0063189360,-0.1113165622
"1973-08-31",-0.0379892263,-0.0204485452,0.0111617860,0.0069228179,0.0289579455
"1973-09-30",0.0473666925,0.0282219210,0.0213520393,0.0068622069,-0.0674927866
"1973-10-31",-0.0105883324,-0.0020287812,0.0174298707,0.0064598741,0.0711002805
"1973-11-30",-0.1272886901,-0.0871616528,0.0487710809,0.0054742194,0.1044585686
"1973-12-31",0.0062579179,-0.0516908510,0.0396361183,0.0064194934,0.0756175269
"1974-01-31",-0.0015901951,0.0954886504,0.0575721144,0.0061781443,-0.0841858229
"1974-02-28",-0.0044109782,0.0000973973,0.0248753889,0.0059064620,0.0031130605
"1974-03-31",-0.0283501003,0.0250860177,-0.0018664458,0.0054742194,-0.0205506893
"1974-04-30",-0.0526038386,-0.0069592621,0.0106044710,0.0075872782,0.0154732884
"1974-05-31",-0.0461779568,-0.0320868947,-0.0215538363,0.0075067642,-0.0164760497
"1974-06-30",-0.0282885898,-0.0032235282,0.0065078907,0.0060171308,0.0275520304
"1974-07-31",-0.0802424981,0.0090927735,0.0549467719,0.0070637049,0.0245960131
"1974-08-31",-0.0930490527,-0.0085798474,0.0267544254,0.0059568703,0.0249887842
"1974-09-30",-0.1170782120,0.0007819422,0.0605037434,0.0080304731,0.0395379986
"1974-10-31",0.1608051447,-0.0336546114,-0.0866440887,0.0050722641,-0.0193456979
"1974-11-30",-0.0450062867,-0.0124675619,-0.0030906219,0.0054138735,0.0197335363
"1974-12-31",-0.0341796943,-0.0494814767,-0.0003519708,0.0069529169,0.0215649365
"1975-01-31",0.1330727943,0.0941063104,0.0715065140,0.0057356427,-0.1467001565
"1975-02-28",0.0555346716,0.0009719507,-0.0430639440,0.0043790577,-0.0169008415
"1975-03-31",0.0263432531,0.0363690660,0.0238620096,0.0042083896,-0.0230333828
"1975-04-30",0.0421232039,-0.0058759068,-0.0107209182,0.0044092523,0.0070843671
"1975-05-31",0.0517008503,0.0368912748,-0.0369097006,0.0044192733,-0.0057484262
"1975-06-30",0.0481153339,0.0068340847,0.0125260380,0.0039975901,-0.0005999445
"1975-07-31",-0.0655827596,0.0283595449,0.0182338022,0.0048511968,0.0016182821
"1975-08-31",-0.0282468510,-0.0326901963,-0.0085860802,0.0048411252,-0.0013262821
"1975-09-30",-0.0424475584,-0.0024245318,0.0025404172,0.0052631458,-0.0058787587
"1975-10-31",0.0528152322,-0.0387411202,0.0030381178,0.0055345973,0.0103655660
"1975-11-30",0.0265741800,-0.0117967433,0.0192485451,0.0041882867,-0.0028612923
"1975-12-31",-0.0162510527,-0.0079381105,0.0182807403,0.0048511968,-0.0034471820
"1976-01-31",0.1214035384,0.0425510157,0.0762976267,0.0046301782,0.0188549320
"1976-02-29",0.0034334309,0.0678178196,0.0558866720,0.0034255461,0.0149098212
"1976-03-31",0.0230347824,-0.0119027798,-0.0000130213,0.0039173204,-0.0087741043
"1976-04-30",-0.0147665860,-0.0001636358,-0.0005812742,0.0042084106,0.0017702760
"1976-05-31",-0.0138227761,-0.0126765596,-0.0129036440,0.0038068668,-0.0135562153
"1976-06-30",0.0403868555,-0.0131621997,0.0067956478,0.0044092523,-0.0070145626
"1976-07-31",-0.0107483721,0.0027514942,0.0169009838,0.0046301782,-0.0090858222
"1976-08-31",-0.0056044277,-0.0209508617,0.0081168275,0.0041883497,-0.0075433349
"1976-09-30",0.0205572533,0.0004433871,-0.0035249258,0.0044192733,0.0021823147
"1976-10-31",-0.0242392918,0.0018917421,-0.0013351407,0.0039975901,-0.0072448686
"1976-11-30",0.0038220079,0.0228539904,0.0154586259,0.0040076091,0.0227948601
"1976-12-31",0.0565814249,0.0287264674,0.0207424163,0.0039674934,0.0044728981
"1977-01-31",-0.0400507012,0.0486226665,0.0445649425,0.0035760755,0.0454353285
"1977-02-28",-0.0193520760,0.0107041525,0.0053923414,0.0034255461,-0.0020349614
"1977-03-31",-0.0135872260,0.0094762344,0.0097231966,0.0036864841,0.0045591173
"1977-04-30",0.0014722115,-0.0013560143,0.0345299268,0.0038068668,0.0361670460
"1977-05-31",-0.0145420387,0.0121272324,0.0083130420,0.0037868118,0.0192417344
"1977-06-30",0.0471490499,0.0198186703,-0.0052195561,0.0039674934,0.0133601247
"1977-07-31",-0.0170989099,0.0208671465,-0.0070158225,0.0041882867,-0.0017405559
"1977-08-31",-0.0176543698,0.0159572876,-0.0282817741,0.0043791455,-0.0183823160
"1977-09-30",-0.0028855261,0.0148688415,-0.0027291313,0.0044192733,0.0257888257
"1977-10-31",-0.0436612668,0.0122151324,0.0161884916,0.0048411252,-0.0071456375
"1977-11-30",0.0397290528,0.0352108052,0.0023493656,0.0050521144,0.0180972813
"1977-12-31",0.0025237024,0.0132319732,-0.0037463898,0.0048411252,0.0194122455
"1978-01-31",-0.0601504908,0.0233954924,0.0344756594,0.0048411252,-0.0167212298
"1978-02-28",-0.0140587459,0.0362626267,0.0076011340,0.0045698630,0.0156751417
"1978-03-31",0.0282455282,0.0336759680,0.0117236608,0.0052933269,0.0126340346
"1978-04-30",0.0784581723,0.0032656647,-0.0325739511,0.0054138735,0.0000899290
"1978-05-31",0.0171408126,0.0436024756,-0.0062651525,0.0050722387,0.0211483987
"1978-06-30",-0.0169766414,0.0174028408,0.0061619941,0.0052933269,0.0229586708
"1978-07-31",0.0509001383,0.0031295003,-0.0094927219,0.0056149211,0.0425891027
"1978-08-31",0.0376494507,0.0490986796,-0.0055564147,0.0055345973,0.0257279091
"1978-09-30",-0.0145544053,-0.0046948405,0.0186309901,0.0062182930,-0.0412125565
"1978-10-31",-0.1183573648,-0.1104158643,0.0165276805,0.0068422450,-0.1021071668
"1978-11-30",0.0267502331,0.0297803376,-0.0216132107,0.0069529169,0.0456121570
"1978-12-31",0.0086376696,0.0113600133,-0.0220143019,0.0078289667,0.0345100523
"1979-01-31",0.0416754322,0.0342767475,0.0214666831,0.0077283636,-0.0099086701
"1979-02-28",-0.0357326245,0.0046411785,0.0123398734,0.0072447457,-0.0183364458
"1979-03-31",0.0563851711,0.0295334366,-0.0060358984,0.0081717020,0.0165576788
"1979-04-30",-0.0003855586,0.0211764592,0.0102246226,0.0080304731,0.0110184788
"1979-05-31",-0.0218150478,0.0016935905,0.0129582107,0.0081717020,-0.0105261921
"1979-06-30",0.0378478997,0.0108214027,0.0139350998,0.0080103971,0.0085394705
"1979-07-31",0.0078935205,0.0120978852,0.0159746703,0.0075872782,-0.0162704210
"1979-08-31",0.0549355939,0.0195281888,-0.0143503507,0.0076176154,-0.0144334108
"1979-09-30",-0.0083230199,-0.0024478159,-0.0089013923,0.0082016951,0.0542306620
"1979-10-31",-0.0803794866,-0.0351820977,-0.0203567198,0.0087766306,0.0286978565
"1979-11-30",0.0520927923,0.0253872747,-0.0300140047,0.0099165274,0.0652906574
"1979-12-31",0.0180452194,0.0405097746,-0.0188850929,0.0094420896,0.0456126823
"1980-01-31",0.0547567977,0.0152343000,0.0166899985,0.0079500096,0.0722070969
"1980-02-29",-0.0121952276,-0.0192364102,0.0060544294,0.0088368813,0.0747776880
"1980-03-31",-0.1277134628,-0.0743305924,-0.0124127354,0.0120384759,-0.1007202564
"1980-04-30",0.0395378577,0.0090867489,0.0094078771,0.0124633749,-0.0072378595
"1980-05-31",0.0521753988,0.0197055015,0.0035496609,0.0080103971,-0.0143728681
"1980-06-30",0.0302847247,0.0157760916,-0.0088074549,0.0061076935,0.0129811967
"1980-07-31",0.0643158887,0.0397284704,-0.0571928158,0.0052933269,-0.0054274174
"1980-08-31",0.0179484981,0.0379890141,-0.0249038182,0.0063189360,0.0334986620
"1980-09-30",0.0217274324,0.0084184881,-0.0479905054,0.0075872782,0.0529660393
"1980-10-31",0.0103312515,0.0227749750,-0.0296158288,0.0094726516,0.0588868948
"1980-11-30",0.0953981363,-0.0312902539,-0.0739300788,0.0095830994,0.1564599945
"1980-12-31",-0.0439429442,-0.0032841484,0.0266938218,0.0130607283,-0.0624241552
"1981-01-31",-0.0499727398,0.0309541068,0.0706731836,0.0103405778,-0.0757604184
"1981-02-28",0.0057385743,-0.0041493203,0.0083201674,0.0106937962,0.0089259362
"1981-03-31",0.0357593433,0.0320515263,0.0051841725,0.0121701344,0.0126603020
"1981-04-30",-0.0215714499,0.0462091049,0.0234491688,0.0107647978,-0.0116399105
"1981-05-31",0.0011036392,0.0186100115,-0.0043930053,0.0114619426,0.0452111659
"1981-06-30",-0.0241882164,-0.0084919874,0.0537256123,0.0135063057,-0.0596369674
"1981-07-31",-0.0154805836,-0.0215755316,-0.0067117314,0.0123927128,-0.0355644919
"1981-08-31",-0.0700432042,-0.0205649725,0.0515302405,0.0128884437,-0.0039254175
"1981-09-30",-0.0710347303,-0.0282334525,0.0526714971,0.0124633749,0.0162359854
"1981-10-31",0.0485201959,0.0196964377,-0.0393429464,0.0119476027,0.0264456862
"1981-11-30",0.0334473753,-0.0102132297,0.0178457591,0.0106535411,-0.0051919861
"1981-12-31",-0.0360068816,0.0116881365,0.0070130850,0.0088370587,0.0078175004
"1982-01-31",-0.0326021611,-0.0136710186,0.0312506114,0.0080304731,0.0148874699
"1982-02-28",-0.0581829937,0.0044938193,0.0649655738,0.0091595058,0.0588077852
"1982-03-31",-0.0176818663,-0.0026947796,0.0352486183,0.0097047607,0.0209197444
"1982-04-30",0.0316215175,0.0150098390,-0.0301048262,0.0111891875,-0.0041597686
"1982-05-31",-0.0390170299,0.0018031879,0.0181924225,0.0106535411,0.0232767763
"1982-06-30",-0.0308569258,-0.0029236303,0.0176705032,0.0095028346,0.0512186711
"1982-07-31",-0.0311946745,0.0089955021,0.0011998066,0.0105526666,0.0608498366
"1982-08-31",0.1112518052,-0.0399063235,0.0096525690,0.0077283636,-0.0227583684
"1982-09-30",0.0127511856,0.0272620535,0.0018593196,0.0050521144,0.0306410592
"1982-10-31",0.1120391993,0.0195549583,-0.0326786064,0.0058964932,-0.0125277198
"1982-11-30",0.0464365675,0.0440689153,-0.0196640716,0.0063189360,0.0639241222
"1982-12-31",0.0059553539,-0.0033622323,-0.0016429900,0.0068422450,-0.0059307784
"1983-01-31",0.0354951322,0.0253229961,-0.0080550176,0.0069529169,-0.0224078309
"1983-02-28",0.0258354913,0.0297022815,0.0049202835,0.0060975422,0.0221330770
"1983-03-31",0.0284416863,0.0165737803,0.0202007129,0.0062284786,-0.0025613397
"1983-04-30",0.0662550957,0.0046648400,0.0048462918,0.0072246773,0.0154035058
"1983-05-31",0.0053950927,0.0612818137,-0.0127636703,0.0069529169,-0.0196497594
"1983-06-30",0.0303191916,0.0085288607,-0.0373183759,0.0066208316,0.0219042654
"1983-07-31",-0.0407426662,0.0142176175,0.0579598287,0.0074260688,-0.0378196476
"1983-08-31",-0.0051452386,-0.0427776402,0.0565811270,0.0076176154,-0.0544213628
"1983-09-30",0.0091264076,0.0050948925,0.0100471891,0.0075872782,-0.0041230657
"1983-10-31",-0.0342704447,-0.0373898790,0.0536038960,0.0075872782,-0.0277402027
"1983-11-30",0.0217097078,0.0195001247,-0.0063483909,0.0069529169,-0.0074278737
"1983-12-31",-0.0181251145,-0.0033079839,0.0169504169,0.0071643284,-0.0038290953
"1984-01-31",-0.0199682261,-0.0038383802,0.0784433245,0.0075872782,-0.0269946999
"1984-02-29",-0.0478397726,-0.0184680527,0.0359289536,0.0072246773,0.0114813823
"1984-03-31",0.0062884179,-0.0001177608,0.0043740418,0.0072852113,0.0103672608
"1984-04-30",-0.0050722478,-0.0122467687,0.0124880843,0.0082320177,0.0152568742
"1984-05-31",-0.0593304046,0.0003936017,0.0017665394,0.0077283636,0.0288671603
"1984-06-30",0.0178628955,-0.0043738862,-0.0253190914,0.0075872782,-0.0019634067
"1984-07-31",-0.0270767088,-0.0227237455,0.0052347275,0.0082220200,0.0448278319
"1984-08-31",0.1018415531,-0.0034238509,-0.0179405953,0.0083128716,-0.0570272172
"1984-09-30",-0.0079870843,0.0011989214,0.0544736026,0.0085847160,0.0329277230
"1984-10-31",-0.0084363901,-0.0116375388,0.0059420501,0.0099369208,0.0332294646
"1984-11-30",-0.0174387405,-0.0079209044,0.0405037838,0.0073757821,0.0273537302
"1984-12-31",0.0182337487,-0.0049448178,-0.0000595328,0.0064194934,0.0103718539
"1985-01-31",0.0793694516,0.0289962229,-0.0491453829,0.0063994647,-0.0642764188
"1985-02-28",0.0120768105,0.0052543671,-0.0042664981,0.0057154162,0.0069626667
"1985-03-31",-0.0082687821,-0.0122581199,0.0414664682,0.0061076935,0.0189309707
"1985-04-30",-0.0095387955,0.0011402327,0.0381077075,0.0071643284,0.0333931368
"1985-05-31",0.0505849486,-0.0216398222,-0.0087672889,0.0066208316,0.0449956223
"1985-06-30",0.0127387959,0.0035907389,0.0036775037,0.0056149211,0.0297048268
"1985-07-31",-0.0073824019,0.0297497739,-0.0162296211,0.0061781443,-0.0390467443
"1985-08-31",-0.0100924183,-0.0037709639,0.0233027305,0.0055144616,0.0231098766
"1985-09-30",-0.0450308268,-0.0166719373,0.0137186443,0.0060975422,0.0193096845
"1985-10-31",0.0399374630,-0.0157007511,0.0083130755,0.0064598741,0.0456373161
"1985-11-30",0.0645386199,0.0015704385,-0.0272773869,0.0060171308,-0.0072221733
"1985-12-31",0.0385327794,-0.0056118985,-0.0145098651,0.0065302207,0.0026262769
"1986-01-31",0.0067098393,0.0114734980,0.0056689666,0.0055144616,0.0339858337
"1986-02-28",0.0710089180,-0.0067901190,-0.0087308420,0.0053334277,0.0195118603
"1986-03-31",0.0485087528,-0.0056848535,-0.0041461546,0.0060171308,0.0291338584
"1986-04-30",-0.0130521881,0.0277122179,-0.0286997339,0.0052933269,-0.0075409211
"1986-05-31",0.0461427311,-0.0134917354,-0.0010655956,0.0048411252,0.0141494484
"1986-06-30",0.0102396913,-0.0093214980,0.0131284311,0.0052631458,0.0488584785
"1986-07-31",-0.0642568440,-0.0361340319,0.0507074700,0.0052933269,0.0311953759
"1986-08-31",0.0604061578,-0.0395592402,0.0337167597,0.0046301782,-0.0469690454
"1986-09-30",-0.0854209563,0.0237155916,0.0348684507,0.0044192733,-0.0611897688
"1986-10-31",0.0464009095,-0.0240283343,-0.0131804556,0.0046101342,0.0267379210
"1986-11-30",0.0117409031,-0.0192657940,-0.0002544234,0.0039975501,-0.0042442488
"1986-12-31",-0.0327320958,0.0007056481,0.0032455510,0.0048511968,0.0107126767
"1987-01-31",0.1241269251,-0.0174712962,-0.0289568304,0.0042084106,0.0170301636
"1987-02-28",0.0440028953,0.0333610712,-0.0561917373,0.0043790577,-0.0235080770
"1987-03-31",0.0160114392,0.0029762737,0.0158240800,0.0046302014,0.0187137089
"1987-04-30",-0.0208598986,-0.0187572215,-0.0036664752,0.0044192733,0.0052596590
"1987-05-31",0.0011925445,-0.0064747395,0.0003840751,0.0038068668,-0.0100025009
"1987-06-30",0.0386883052,-0.0213927468,0.0101949672,0.0048511968,-0.0047475200
"1987-07-31",0.0381297872,-0.0068476145,0.0066646928,0.0046302014,0.0326226729
"1987-08-31",0.0349127266,-0.0078989872,-0.0091767774,0.0046301782,-0.0142230440
"1987-09-30",-0.0260596257,0.0044784799,0.0018998069,0.0044192733,0.0155889184
"1987-10-31",-0.2312303699,-0.1227068593,0.0477365524,0.0059568703,-0.0722336502
"1987-11-30",-0.0773897560,0.0278030219,0.0330640950,0.0034054966,0.0028061716
"1987-12-31",0.0678148819,-0.0013206283,-0.0426557956,0.0039674934,0.0353575469
"1988-01-31",0.0421355013,-0.0107392089,0.0475196199,0.0030042788,-0.0591708770
"1988-02-29",0.0477462012,0.0317173403,-0.0151842798,0.0046100649,-0.0305115994
"1988-03-31",-0.0223703526,0.0622905005,0.0077335887,0.0043791455,0.0088172365
"1988-04-30",0.0057656612,0.0076738852,0.0160976358,0.0046100649,0.0139426784
"1988-05-31",-0.0027533205,-0.0269004479,0.0242231586,0.0050521144,0.0013539026
"1988-06-30",0.0473913507,0.0194095163,-0.0104895553,0.0048511968,-0.0260491370
"1988-07-31",-0.0124085517,-0.0032669668,0.0228110700,0.0050118928,-0.0017310408
"1988-08-31",-0.0329754120,-0.0000262563,0.0206291765,0.0059971340,0.0140495962
"1988-09-30",0.0329370969,-0.0126873377,-0.0066411864,0.0061076935,0.0019473794
"1988-10-31",0.0115397737,-0.0293847458,0.0172672400,0.0061076935,0.0073016719
"1988-11-30",-0.0224696678,-0.0173987950,0.0124069095,0.0056853352,0.0070975330
"1988-12-31",0.0148215464,0.0177651124,-0.0165038470,0.0063189360,-0.0092961864
"1989-01-31",0.0606186964,-0.0203070486,0.0049628134,0.0054742194,0.0056670040
"1989-02-28",-0.0222720371,0.0274139863,0.0082913633,0.0060975422,0.0057954463
"1989-03-31",0.0154254487,0.0067128768,0.0041780608,0.0066208316,0.0345286783
"1989-04-30",0.0427958166,-0.0060950655,-0.0136244566,0.0068220089,0.0154885745
"1989-05-31",0.0330769243,-0.0011956870,-0.0082120766,0.0079500096,0.0130490253
"1989-06-30",-0.0134646938,-0.0105664097,0.0217552856,0.0070637049,0.0072270981
"1989-07-31",0.0713849841,-0.0373454962,-0.0263132044,0.0070233240,0.0528117942
"1989-08-31",0.0145445868,0.0046233458,0.0074897760,0.0073859653,-0.0040996825
"1989-09-30",-0.0074776324,0.0021882374,-0.0132558617,0.0066207320,0.0367852516
"1989-10-31",-0.0363221188,-0.0358166196,-0.0123479209,0.0068422450,0.0334978948
"1989-11-30",0.0099309042,-0.0128082357,-0.0109977188,0.0069529169,0.0249086698
"1989-12-31",0.0115852744,-0.0239338218,0.0022575138,0.0060171308,0.0261613401
"1990-01-31",-0.0779711286,-0.0148204478,0.0092426399,0.0057356427,-0.0268938060
"1990-02-28",0.0111688500,0.0095951074,0.0061595472,0.0057154162,-0.0002984109
"1990-03-31",0.0179794925,0.0148608622,-0.0279244095,0.0063994647,0.0173830404
"1990-04-30",-0.0334468121,-0.0054017340,-0.0262365585,0.0068220089,0.0232895253
"1990-05-31",0.0841498968,-0.0243930333,-0.0341125273,0.0068422450,0.0298621006
"1990-06-30",-0.0108531833,0.0138741488,-0.0194065786,0.0063189360,0.0295916581
"1990-07-31",-0.0189509110,-0.0327656120,0.0000729292,0.0067415476,0.0598489931
"1990-08-31",-0.1007564697,-0.0387605756,0.0142437824,0.0064598741,0.0234982108
"1990-09-30",-0.0609810036,-0.0388521816,0.0071109548,0.0059064620,0.0788504986
"1990-10-31",-0.0188787210,-0.0568189897,0.0008599127,0.0069228179,0.0718687021
"1990-11-30",0.0631897148,0.0021768873,-0.0297705280,0.0056853352,-0.0537890280
"1990-12-31",0.0244488117,0.0071608361,-0.0149404515,0.0060171308,-0.0040384480
"1991-01-31",0.0467603058,0.0352863991,-0.0192562821,0.0050722387,-0.0442425651
"1991-02-28",0.0716116515,0.0366763535,-0.0053435984,0.0047607027,-0.0397594375
"1991-03-31",0.0263423616,0.0377075370,-0.0119736946,0.0044092082,0.0325461267
"1991-04-30",-0.0026175083,0.0039167744,0.0142715196,0.0052933269,-0.0235047303
"1991-05-31",0.0364905408,-0.0038783491,-0.0066728684,0.0046302014,-0.0054761134
"1991-06-30",-0.0493204352,0.0004481184,0.0124282421,0.0042083896,-0.0032440891
"1991-07-31",0.0422330363,-0.0095458504,-0.0123829346,0.0048511968,0.0386296558
"1991-08-31",0.0233716168,0.0152618321,-0.0072532425,0.0046302014,0.0268552295
"1991-09-30",-0.0156114949,0.0158538377,-0.0106849601,0.0046100649,0.0148169560
"1991-10-31",0.0126800737,0.0084395590,-0.0039689702,0.0041482075,0.0287976700
"1991-11-30",-0.0420548667,-0.0046624862,-0.0205497254,0.0040076091,0.0206864065
"1991-12-31",0.1084973253,-0.0210682989,-0.0357734262,0.0037868118,0.0647313920
"1992-01-31",-0.0058105143,0.0845297332,0.0441219269,0.0033052027,-0.0245289571
"1992-02-29",0.0107439075,0.0083970030,0.0631658705,0.0028538508,-0.0087547118
"1992-03-31",-0.0265794022,-0.0100383667,0.0371764889,0.0033052027,-0.0004329915
"1992-04-30",0.0107292034,-0.0600935302,0.0436872520,0.0031547295,-0.0227514609
"1992-05-31",0.0030359915,0.0038776484,0.0119030074,0.0028037271,-0.0031233427
"1992-06-30",-0.0233916239,-0.0317755095,0.0362024279,0.0033052027,-0.0057085482
"1992-07-31",0.0377012410,-0.0042960118,-0.0052329289,0.0030845318,0.0061401024
"1992-08-31",-0.0237946874,-0.0011478716,-0.0097786169,0.0025230263,-0.0021308946
"1992-09-30",0.0115768567,0.0056079581,-0.0025309326,0.0025230263,0.0222860144
"1992-10-31",0.0101534651,0.0199815168,-0.0197222441,0.0022023115,0.0192787020
"1992-11-30",0.0411026093,0.0350019980,-0.0138337673,0.0024027380,0.0017497619
"1992-12-31",0.0155521807,0.0159376218,0.0251337133,0.0028639073,0.0427298034
"1993-01-31",0.0092817049,0.0199882481,0.0593833663,0.0024027380,0.0446847670
"1993-02-28",0.0011410893,-0.0339480794,0.0659376380,0.0022824641,0.0331590730
"1993-03-31",0.0230815739,0.0015952577,0.0123297055,0.0025330637,0.0418938352
"1993-04-30",-0.0302222606,-0.0067923887,0.0262290310,0.0023125428,0.0038541321
"1993-05-31",0.0287594569,0.0186854768,-0.0334342211,0.0022023005,-0.0118156664
"1993-06-30",0.0031373272,-0.0034456424,0.0259332050,0.0026433291,0.0424468394
"1993-07-31",-0.0036024900,0.0087010339,0.0286622420,0.0023125428,0.0316299467
"1993-08-31",0.0373651972,0.0014581969,0.0012236899,0.0024227972,0.0193791050
"1993-09-30",-0.0014380612,0.0306991671,-0.0025320201,0.0025230263,0.0336986629
"1993-10-31",0.0141693098,0.0201778832,-0.0272656564,0.0023125428,-0.0227197137
"1993-11-30",-0.0187803265,-0.0127880222,-0.0075962958,0.0025230263,-0.0526329979
"1993-12-31",0.0163235700,0.0118573938,0.0029651247,0.0022023115,0.0193251615
"1994-01-31",0.0287416534,0.0037084455,0.0110213721,0.0025230263,-0.0031193521
"1994-02-28",-0.0253469004,0.0287566100,-0.0161981460,0.0020920704,0.0029269149
"1994-03-31",-0.0477953293,-0.0118134891,0.0175776668,0.0027636463,-0.0170011077
"1994-04-30",0.0068014178,-0.0096459723,0.0167721302,0.0026633543,-0.0046179561
"1994-05-31",0.0065658620,-0.0209142457,0.0051452901,0.0031547295,-0.0197574041
"1994-06-30",-0.0303082718,-0.0048308672,0.0183762599,0.0030845318,-0.0066561497
"1994-07-31",0.0279251040,-0.0175870518,0.0061680080,0.0028037271,-0.0000311392
"1994-08-31",0.0398711425,0.0136949752,-0.0233069545,0.0036864841,0.0104165350
"1994-09-30",-0.0229556957,0.0319772629,-0.0196539053,0.0035760755,0.0131725865
"1994-10-31",0.0133161097,-0.0219712708,-0.0166312426,0.0037868118,0.0178088347
"1994-11-30",-0.0400548594,0.0024580578,-0.0081000355,0.0037868118,-0.0018980076
"1994-12-31",0.0086105805,0.0026253158,-0.0024850242,0.0044192733,0.0249346280
"1995-01-31",0.0179142414,-0.0344368790,0.0260331917,0.0042084106,-0.0101885138
"1995-02-28",0.0358031345,-0.0060587782,0.0103989332,0.0039975501,-0.0028284283
"1995-03-31",0.0218364015,-0.0021807480,-0.0210565982,0.0046101342,-0.0000806703
"1995-04-30",0.0210204222,-0.0052890923,0.0169513719,0.0043790577,0.0124822611
"1995-05-31",0.0288308689,-0.0249886082,0.0214286188,0.0052933269,-0.0036374115
"1995-06-30",0.0268562259,0.0299235546,-0.0245172788,0.0046302014,0.0233496259
"1995-07-31",0.0370330494,0.0202646742,-0.0161287964,0.0046100649,0.0240099835
"1995-08-31",0.0055166503,0.0132515034,0.0290279286,0.0046101342,0.0026781617
"1995-09-30",0.0333552395,-0.0220367939,0.0000673958,0.0044092082,0.0186921497
"1995-10-31",-0.0149066188,-0.0388702880,-0.0043300301,0.0046302014,0.0483146228
"1995-11-30",0.0392977722,-0.0112690581,0.0060244085,0.0042084106,-0.0103782418
"1995-12-31",0.0100384798,0.0059793800,0.0021945998,0.0048109598,0.0150760723
"1996-01-31",0.0226192765,-0.0263704186,0.0023793370,0.0041883497,0.0149324354
"1996-02-29",0.0132274664,0.0174836726,-0.0105378468,0.0040076091,0.0064611799
"1996-03-31",0.0072133510,0.0147951960,0.0042425587,0.0039975901,-0.0213228903
"1996-04-30",0.0207781121,0.0515868318,-0.0392259806,0.0046301782,-0.0163569401
"1996-05-31",0.0235008140,0.0298114215,-0.0090600399,0.0041883497,0.0136633341
"1996-06-30",-0.0116736132,-0.0393780429,0.0237244999,0.0040076091,0.0184384545
"1996-07-31",-0.0593851130,-0.0451658273,0.0543654278,0.0044092523,0.0003686268
"1996-08-31",0.0277778576,0.0237011705,-0.0078905740,0.0041883497,0.0009159025
"1996-09-30",0.0498081752,-0.0096268960,-0.0265516822,0.0044092082,0.0290027546
"1996-10-31",0.0088969315,-0.0433485886,0.0495182286,0.0041482075,0.0344794254
"1996-11-30",0.0622857068,-0.0382032464,0.0136826132,0.0040076091,-0.0182342276
"1996-12-31",-0.0166734600,0.0306878167,0.0117326695,0.0046301782,-0.0008712701
"1997-01-31",0.0496625653,-0.0192234340,-0.0151284422,0.0044092523,0.0175464856
"1997-02-28",-0.0049776525,-0.0331738380,0.0589583958,0.0038068478,-0.0252662036
"1997-03-31",-0.0503210351,-0.0051384134,0.0360904384,0.0042083896,0.0028459227
"1997-04-30",0.0402943511,-0.0564637097,0.0005039406,0.0044092523,0.0434808813
"1997-05-31",0.0669001202,0.0474172660,-0.0369508866,0.0048411252,-0.0465317452
"1997-06-30",0.0406347073,0.0102702354,0.0140631173,0.0037868118,0.0231895105
"1997-07-31",0.0729854308,-0.0260282747,0.0024760365,0.0041883497,0.0368384459
"1997-08-31",-0.0411978590,0.0748361650,0.0117304349,0.0042084106,-0.0252105064
"1997-09-30",0.0533255888,0.0226251898,0.0022646706,0.0044192733,0.0157505162
"1997-10-31",-0.0381226662,-0.0090710817,0.0205320746,0.0041482075,0.0049858863
"1997-11-30",0.0294802587,-0.0501848260,0.0125544405,0.0039975501,0.0117267680
"1997-12-31",0.0133533879,-0.0260906145,0.0395398894,0.0048511968,0.0449266712
"1998-01-31",0.0015746955,-0.0107737156,-0.0165463204,0.0042083896,-0.0145508564
"1998-02-28",0.0701153825,0.0010984172,-0.0059806427,0.0039975501,-0.0127574737
"1998-03-31",0.0473119046,-0.0107567467,0.0130534034,0.0039674934,0.0220321282
"1998-04-30",0.0071349468,0.0004017887,0.0082488100,0.0042084106,0.0065835815
"1998-05-31",-0.0306312262,-0.0346316744,0.0350078091,0.0040076091,0.0281816609
"1998-06-30",0.0321094326,-0.0323651621,-0.0187429839,0.0041883497,0.0739030546
"1998-07-31",-0.0244676542,-0.0510318037,-0.0170170379,0.0039674934,0.0456267502
"1998-08-31",-0.1606448037,-0.0659045335,0.0441498844,0.0042084106,0.0346109379
"1998-09-30",0.0618719312,-0.0030850386,-0.0341720176,0.0046301782,-0.0020171157
"1998-10-31",0.0708622903,-0.0274264767,-0.0256026848,0.0033052027,-0.0627529987
"1998-11-30",0.0604365416,0.0104237327,-0.0298348865,0.0030042788,0.0289938823
"1998-12-31",0.0610892437,-0.0059683947,-0.0398917612,0.0037466835,0.0973988542
"1999-01-31",0.0347578396,0.0066606063,-0.0482676299,0.0036161798,0.0177064545
"1999-02-28",-0.0407937654,-0.0624774660,0.0184098311,0.0036161798,-0.0006051785
"1999-03-31",0.0346791855,-0.0375626774,-0.0280133085,0.0041482075,-0.0180860462
"1999-04-30",0.0432820122,0.0377002820,0.0184077946,0.0037868118,-0.0941749996
"1999-05-31",-0.0241970278,0.0317647278,0.0244486396,0.0034054966,-0.0515270860
"1999-06-30",0.0485283976,0.0320887894,-0.0388810828,0.0039674934,0.0559071257
"1999-07-31",-0.0352674513,0.0267961508,-0.0047683794,0.0037868118,0.0183824735
"1999-08-31",-0.0125382374,-0.0113346115,-0.0175126251,0.0039674934,0.0419763138
"1999-09-30",-0.0277580867,0.0354475088,-0.0372436350,0.0037868118,0.0520264914
"1999-10-31",0.0611461482,-0.0659949909,-0.0326339130,0.0037868118,0.0520802232
"1999-11-30",0.0343839065,0.0692192805,-0.0557755550,0.0035760755,0.0431459175
"1999-12-31",0.0770271049,0.0656196818,-0.0735574671,0.0044092523,0.1273120706
"2000-01-31",-0.0470869437,0.0579719541,-0.0183771680,0.0042083896,0.0004036455
"2000-02-29",0.0253288647,0.2131087884,-0.0776834318,0.0044092082,0.1909144495
"2000-03-31",0.0486633821,-0.1539352892,0.0735082526,0.0046101342,-0.0725223409
"2000-04-30",-0.0637355328,-0.0693090799,0.0789076526,0.0045698630,-0.0886615634
"2000-05-31",-0.0435892676,-0.0629954500,0.0472677744,0.0050722387,-0.0692387161
"2000-06-30",0.0468859134,0.1283324391,-0.0755862268,0.0039674934,0.1652291972
"2000-07-31",-0.0258305278,-0.0308642395,0.0851755739,0.0048109598,-0.0201896913
"2000-08-31",0.0707466689,-0.0071501406,-0.0144015035,0.0050722641,0.0513548730
"2000-09-30",-0.0543476996,-0.0193885735,0.0760020900,0.0050118928,0.0259872225
"2000-10-31",-0.0278777048,-0.0393534241,0.0546572903,0.0055144616,-0.0476670107
"2000-11-30",-0.1073865629,-0.0355135172,0.1380451737,0.0050521144,0.0381576138
"2000-12-31",0.0119321811,0.0080369780,0.0690552759,0.0050118928,0.0890569328
"2001-01-31",0.0335916297,0.0650024623,-0.0548756528,0.0054742194,-0.2126675888
"2001-02-28",-0.1005974423,-0.0082694498,0.1388595514,0.0038068478,0.1677203743
"2001-03-31",-0.0726257982,0.0010460890,0.0663717702,0.0041883497,0.0719567874
"2001-04-30",0.0794826908,0.0053024390,-0.0496261262,0.0040076091,-0.0857415957
"2001-05-31",0.0067307022,0.0238683599,0.0312821783,0.0033052027,0.0083334491
"2001-06-30",-0.0195438186,0.0641589189,-0.0139747609,0.0027335519,0.0028960021
"2001-07-31",-0.0206952310,-0.0463109663,0.0587761887,0.0029441197,0.0572958851
"2001-08-31",-0.0640849822,0.0251611816,0.0252389897,0.0029942796,0.0593171203
"2001-09-30",-0.0922955964,-0.0682611777,0.0206984186,0.0027034047,0.1245942945
"2001-10-31",0.0245324839,0.0771989429,-0.0752027919,0.0023025318,-0.0750275727
"2001-11-30",0.0753541317,-0.0037724125,0.0167851219,0.0016813447,-0.0755289539
"2001-12-31",0.0161008476,0.0451558492,0.0110253439,0.0014009314,-0.0106085849
"2002-01-31",-0.0145130715,0.0103162672,0.0350875477,0.0014710295,0.0516808790
"2002-02-28",-0.0228863348,-0.0128545835,0.0262658409,0.0013308382,0.0579899626
"2002-03-31",0.0426194143,0.0397105301,0.0092587214,0.0014009314,-0.0085319263
"2002-04-30",-0.0521029954,0.0600348911,0.0425458736,0.0015411324,0.0885898119
"2002-05-31",-0.0137836894,-0.0334114400,0.0147832293,0.0015411324,0.0317056850
"2002-06-30",-0.0724960469,0.0434609302,0.0003234317,0.0012006842,0.0759467625
"2002-07-31",-0.0815120167,-0.0603323340,-0.0380192977,0.0015411324,0.0325707123
"2002-08-31",0.0050436008,-0.0305153854,0.0294119693,0.0013208319,0.0018449298
"2002-09-30",-0.1034235385,0.0254908231,0.0175835549,0.0014009314,0.0772721320
"2002-10-31",0.0780829426,-0.0348660245,-0.0386495881,0.0013809112,-0.0849347731
"2002-11-30",0.0592042694,0.0304601900,-0.0140529620,0.0012006842,-0.1542255367
"2002-12-31",-0.0573610218,-0.0007799243,0.0245710924,0.0010505252,0.1020012053
"2003-01-31",-0.0258160794,0.0124020515,-0.0085389193,0.0010505252,0.0061321833
"2003-02-28",-0.0187869246,-0.0051259632,-0.0127682640,0.0009504276,0.0153521901
"2003-03-31",0.0110964955,0.0070397181,-0.0209301771,0.0010505252,0.0109047923
"2003-04-30",0.0819749779,0.0051903725,0.0078116000,0.0010505252,-0.0804569254
"2003-05-31",0.0601804612,0.0414845492,0.0003954961,0.0008403361,-0.0852271775
"2003-06-30",0.0142994116,0.0174647746,0.0032564434,0.0010505252,-0.0056209411
"2003-07-31",0.0233782700,0.0502205088,-0.0116825934,0.0006602079,0.0058115279
"2003-08-31",0.0235718578,0.0261911295,0.0153379591,0.0006301890,0.0046923365
"2003-09-30",-0.0125869596,0.0069637092,0.0009567172,0.0008403361,-0.0085520089
"2003-10-31",0.0605235616,0.0252885366,0.0173951715,0.0006902277,0.0496287977
"2003-11-30",0.0136824759,0.0198360597,0.0175737892,0.0007602737,0.0100973246
"2003-12-31",0.0427010909,-0.0257350820,0.0158850807,0.0008803697,-0.0589506772
"2004-01-31",0.0215795860,0.0241359777,0.0241384824,0.0006001710,0.0150149403
"2004-02-29",0.0140437660,-0.0148899767,0.0085587283,0.0005701539,-0.0150157451
"2004-03-31",-0.0132594559,0.0186429987,0.0027377801,0.0009204049,0.0002159302
"2004-04-30",-0.0183836538,-0.0176230063,-0.0306986680,0.0008403361,-0.0422403044
"2004-05-31",0.0119933567,-0.0018736543,-0.0024700425,0.0006001710,0.0102111141
"2004-06-30",0.0185588240,0.0224683049,0.0117210882,0.0008403361,0.0218798200
"2004-07-31",-0.0407238747,-0.0384882444,0.0351500610,0.0010505252,-0.0063765133
"2004-08-31",0.0005073570,-0.0149581623,0.0095689985,0.0011005777,-0.0100104538
"2004-09-30",0.0159581069,0.0303023359,-0.0012295870,0.0010505252,0.0478057426
"2004-10-31",0.0141825718,0.0007047875,-0.0033149676,0.0010505252,-0.0190998698
"2004-11-30",0.0455967360,0.0358708902,0.0146271734,0.0014710295,0.0259613837
"2004-12-31",0.0344134888,-0.0007009963,-0.0016052614,0.0015411324,-0.0273029956
"2005-01-31",-0.0276823149,-0.0161435876,0.0221649874,0.0016012166,0.0353213935
"2005-02-28",0.0187316145,-0.0049264372,0.0143236130,0.0017113858,0.0435212545
"2005-03-31",-0.0195016823,-0.0144908344,0.0224538127,0.0022023115,0.0055719748
"2005-04-30",-0.0261658175,-0.0404831220,0.0003314259,0.0021021013,-0.0051942481
"2005-05-31",0.0366010239,0.0272120056,-0.0058739099,0.0023125428,0.0010840919
"2005-06-30",0.0056372440,0.0248413957,0.0278930928,0.0022023115,0.0217078958
"2005-07-31",0.0394113390,0.0286131012,-0.0080367008,0.0024027380,0.0076272221
"2005-08-31",-0.0122919486,-0.0097448293,0.0124445585,0.0029942796,0.0268755158
"2005-09-30",0.0045759316,-0.0061046724,0.0073728581,0.0029441197,0.0364049157
"2005-10-31",-0.0204721074,-0.0119096394,0.0034486414,0.0027335519,-0.0167595226
"2005-11-30",0.0360343728,0.0099311344,-0.0120700309,0.0031547295,-0.0009157696
"2005-12-31",-0.0024318436,-0.0045256077,0.0019723058,0.0031547295,0.0054547314
"2006-01-31",0.0303839333,0.0525133493,0.0085971209,0.0034054966,0.0375831618
"2006-02-28",-0.0028325526,-0.0039676465,-0.0030470842,0.0034255461,-0.0142279781
"2006-03-31",0.0145135617,0.0342435950,0.0054841115,0.0036864841,0.0114946956
"2006-04-30",0.0071374613,-0.0133492933,0.0234191672,0.0036161798,0.0043838267
"2006-05-31",-0.0354869501,-0.0318611005,0.0265785947,0.0044092523,-0.0429798591
"2006-06-30",-0.0038198829,-0.0021576590,0.0086944621,0.0039674934,0.0059947416
"2006-07-31",-0.0076496610,-0.0387533267,0.0264300514,0.0040076091,-0.0098953898
"2006-08-31",0.0204056702,0.0105030879,-0.0192866114,0.0041482075,-0.0341720300
"2006-09-30",0.0184728214,-0.0124651319,0.0006618520,0.0040076091,-0.0096638346
"2006-10-31",0.0322391833,0.0162704208,-0.0024540560,0.0039674934,-0.0098110216
"2006-11-30",0.0168937884,0.0081996526,0.0005602273,0.0042084106,-0.0046495223
"2006-12-31",0.0086466088,-0.0109985387,0.0268923744,0.0040076091,0.0101197523
"2007-01-31",0.0142514768,0.0018913252,-0.0064369127,0.0044092082,-0.0031518702
"2007-02-28",-0.0196440236,0.0134945427,-0.0016386773,0.0038068478,-0.0105038170
"2007-03-31",0.0068193770,0.0009976607,-0.0080986186,0.0041883497,0.0307960222
"2007-04-30",0.0345999874,-0.0208982988,-0.0133586044,0.0044092082,-0.0042399683
"2007-05-31",0.0323373628,0.0026862576,-0.0062128164,0.0039674934,-0.0008653184
"2007-06-30",-0.0195118245,0.0074523814,-0.0111567515,0.0039975901,0.0068209502
"2007-07-31",-0.0373645705,-0.0258354218,-0.0369718553,0.0039975901,0.0306207865
"2007-08-31",0.0093217903,-0.0020031555,-0.0196414118,0.0041482075,0.0066454208
"2007-09-30",0.0322037503,-0.0215982398,-0.0214403574,0.0032349467,0.0458514143
"2007-10-31",0.0180061997,0.0024133972,-0.0267365050,0.0032249637,0.0559918525
"2007-11-30",-0.0476848373,-0.0283770646,-0.0118012125,0.0033653815,0.0110171743
"2007-12-31",-0.0085415823,0.0017336873,-0.0060408098,0.0028037271,0.0662206341
"2008-01-31",-0.0634058951,-0.0091824144,0.0405490943,0.0021021013,-0.1015164080
"2008-02-29",-0.0308084188,-0.0031100449,-0.0076581678,0.0014009314,0.0778512087
"2008-03-31",-0.0092514098,0.0084667322,0.0003044342,0.0018015398,0.0312842139
"2008-04-30",0.0458710193,-0.0157711867,-0.0088740334,0.0017614792,-0.0044858875
"2008-05-31",0.0187173453,0.0301714819,-0.0136584168,0.0016813447,0.0420026235
"2008-06-30",-0.0843540577,0.0124763747,-0.0293719242,0.0016813447,0.1566385998
"2008-07-31",-0.0072052759,0.0231901193,0.0588057769,0.0015411324,-0.0724533565
"2008-08-31",0.0153036914,0.0331564643,0.0167034596,0.0012607563,-0.0421194484
"2008-09-30",-0.0934514125,-0.0230386170,0.0814858801,0.0014710295,-0.0086969530
"2008-10-31",-0.1716963880,-0.0353575003,-0.0234996812,0.0009204049,0.0963767877
"2008-11-30",-0.0772764264,-0.0366810508,-0.0615067472,0.0001900171,0.0352652639
"2008-12-31",0.0177598185,0.0368697278,0.0098655719,0.0000000000,-0.0591760344
"2009-01-31",-0.0824725918,0.0034905945,-0.1130477067,0.0000000000,-0.0257733806
"2009-02-28",-0.1011096302,0.0008718082,-0.0693257811,0.0001900171,0.0492813387
"2009-03-31",0.0897770290,-0.0042316328,0.0453236842,0.0002200231,-0.1426644822
"2009-04-30",0.1016728055,0.0460226322,0.0494598108,0.0002100210,-0.2685094614
"2009-05-31",0.0520149729,-0.0255585511,0.0072068543,0.0000000000,-0.1291081668
"2009-06-30",0.0043136223,0.0254915659,-0.0245906852,0.0000000000,0.0375580740
"2009-07-31",0.0773634767,0.0173805303,0.0475986007,0.0002200231,-0.0528550133
"2009-08-31",0.0333972052,-0.0101579823,0.0762661526,0.0002100210,-0.0873819781
"2009-09-30",0.0407261509,0.0232483966,0.0099988643,0.0000000000,-0.0418537955
"2009-10-31",-0.0255974863,-0.0410984955,-0.0399465840,0.0000000000,-0.0094227176
"2009-11-30",0.0556522545,-0.0240738932,-0.0014149566,0.0000000000,0.0043921730
"2009-12-31",0.0275841369,0.0589116180,0.0000495570,0.0000000000,0.0284073744
"2010-01-31",-0.0337903650,0.0031711205,0.0040783811,0.0000000000,-0.0564397596
"2010-02-28",0.0341896254,0.0111323572,0.0315746700,0.0000000000,0.0439820623
"2010-03-31",0.0628176051,0.0136652442,0.0208290598,0.0000000000,0.0360526728
"2010-04-30",0.0200726949,0.0477312750,0.0291215550,0.0002100210,0.0273080227
"2010-05-31",-0.0789704733,0.0031559167,-0.0225455660,0.0002000190,0.0065035419
"2010-06-30",-0.0557649447,-0.0187422216,-0.0456779746,0.0002200231,-0.0284421715
"2010-07-31",0.0691680409,0.0027081724,-0.0020016649,0.0002100210,0.0068731436
"2010-08-31",-0.0478796456,-0.0303599685,-0.0202109612,0.0002200231,0.0083620458
"2010-09-30",0.0953282094,0.0367197696,-0.0284912995,0.0002100210,0.0101686327
"2010-10-31",0.0388589354,0.0110179108,-0.0246861886,0.0002100210,0.0108200241
"2010-11-30",0.0060254526,0.0373349838,-0.0092595776,0.0002100210,0.0281113142
"2010-12-31",0.0681072828,0.0059701339,0.0352377391,0.0002200231,-0.0276235208
"2011-01-31",0.0200035671,-0.0241754982,0.0074703373,0.0000000000,-0.0045486699
"2011-02-28",0.0349726490,0.0156940031,0.0125755554,0.0001900171,0.0190195697
"2011-03-31",0.0046390548,0.0261769232,-0.0162760040,0.0000000000,0.0337520013
"2011-04-30",0.0291638516,-0.0034438806,-0.0238026248,0.0000000000,0.0023380141
"2011-05-31",-0.0125575700,-0.0048738414,-0.0222317325,0.0000000000,-0.0047254301
"2011-06-30",-0.0174572683,-0.0004733662,-0.0044439296,0.0000000000,0.0183918919
"2011-07-31",-0.0235287680,-0.0139764804,-0.0086199134,0.0000000000,0.0069999274
"2011-08-31",-0.0599737582,-0.0282930672,-0.0247059055,0.0000000000,-0.0029621679
"2011-09-30",-0.0759677148,-0.0343195754,-0.0152747882,0.0000000000,0.0231692259
"2011-10-31",0.1136692182,0.0325299215,0.0020665530,0.0000000000,-0.0486961542
"2011-11-30",-0.0032291254,0.0007342826,-0.0026011463,0.0000000000,0.0475846259
"2011-12-31",0.0074010895,-0.0052091548,0.0178090086,0.0000000000,0.0218194244
"2012-01-31",0.0506956545,0.0195439600,-0.0092368011,0.0000000000,-0.0804914245
"2012-02-29",0.0439528388,-0.0172787142,0.0030883780,0.0000000000,-0.0093093761
"2012-03-31",0.0311270219,-0.0064540397,0.0115263773,0.0000000000,0.0162182429
"2012-04-30",-0.0085688696,-0.0029692306,-0.0082622230,0.0000000000,0.0409252535
"2012-05-31",-0.0622804507,0.0010950267,-0.0089990470,0.0000000000,0.0668313746
"2012-06-30",0.0388964565,0.0080884626,0.0060030816,0.0000000000,-0.0149847381
"2012-07-31",0.0077272393,-0.0259023775,-0.0005215267,0.0000000000,0.0278663185
"2012-08-31",0.0255223095,0.0042041767,0.0117799053,0.0000000000,-0.0156839786
"2012-09-30",0.0272298808,0.0045941363,0.0151838251,0.0000000000,-0.0134419142
"2012-10-31",-0.0173058487,-0.0110839386,0.0377786714,0.0000000000,0.0004715117
"2012-11-30",0.0077540885,0.0053031279,-0.0092068174,0.0000000000,0.0019056809
"2012-12-31",0.0116773365,0.0144531093,0.0353811038,0.0002000190,-0.0212247957
"2013-01-31",0.0558447452,0.0031708561,0.0085586674,0.0000000000,-0.0163993746
"2013-02-28",0.0127272336,-0.0038414525,0.0009077997,0.0000000000,0.0162757349
"2013-03-31",0.0402379851,0.0070589821,-0.0016703254,0.0000000000,0.0233608986
"2013-04-30",0.0154800446,-0.0233017126,0.0057748211,0.0000000000,0.0026374139
"2013-05-31",0.0282318566,0.0160757988,0.0260227021,0.0000000000,-0.0071546380
"2013-06-30",-0.0120278121,0.0118479335,-0.0000203050,0.0000000000,0.0028834394
"2013-07-31",0.0561409197,0.0175385938,0.0055660517,0.0000000000,0.0178490648
"2013-08-31",-0.0269843644,0.0034633805,-0.0272107216,0.0000000000,-0.0021212503
"2013-09-30",0.0375891565,0.0276787314,-0.0113521412,0.0000000000,0.0343193496
"2013-10-31",0.0416708087,-0.0144343576,0.0115795066,0.0000000000,-0.0000887681
"2013-11-30",0.0311968801,0.0115412003,0.0027201315,0.0000000000,-0.0001110677
"2013-12-31",0.0282299285,-0.0056527829,-0.0004566192,0.0000000000,0.0000725648
"2014-01-31",-0.0332682074,0.0096116141,-0.0210065907,0.0000000000,0.0139833107
"2014-02-28",0.0462402430,0.0031720081,-0.0040144693,0.0000000000,0.0187302661
"2014-03-31",0.0042160028,-0.0182725271,0.0498648604,0.0000000000,-0.0324444081
"2014-04-30",-0.0023444182,-0.0414471616,0.0109162569,0.0000000000,-0.0412122288
"2014-05-31",0.0206695938,-0.0184315644,-0.0012473828,0.0000000000,0.0170884105
"2014-06-30",0.0263761340,0.0301036194,-0.0063470213,0.0000000000,0.0033437340
"2014-07-31",-0.0204151402,-0.0430499022,-0.0008945581,0.0000000000,-0.0133157810
"2014-08-31",0.0425049258,0.0035372299,-0.0055564895,0.0000000000,0.0100473239
"2014-09-30",-0.0193016781,-0.0372425419,-0.0152898066,0.0000000000,0.0130077997
"2014-10-31",0.0251823508,0.0408620233,-0.0163737873,0.0000000000,0.0033991256
"2014-11-30",0.0255335486,-0.0201137282,-0.0282711984,0.0000000000,0.0252809851
"2014-12-31",-0.0005343084,0.0252014256,0.0217714252,0.0000000000,0.0132193495
"2015-01-31",-0.0306738300,-0.0057779647,-0.0353642871,0.0000000000,0.0257406279
"2015-02-28",0.0613970755,0.0049312445,-0.0178442576,0.0000000000,-0.0290380623
"2015-03-31",-0.0113200098,0.0303114127,-0.0047377174,0.0000000000,0.0242036866
"2015-04-30",0.0060067688,-0.0298618114,0.0182457384,0.0000000000,-0.0643674181
"2015-05-31",0.0133874017,0.0092326632,-0.0115942512,0.0000000000,0.0583192699
"2015-06-30",-0.0151296460,0.0290768624,-0.0074645856,0.0000000000,0.0391542052
"2015-07-31",0.0156294674,-0.0405715069,-0.0426529882,0.0000000000,0.0902948049
"2015-08-31",-0.0605740438,0.0034393866,0.0279084835,0.0000000000,-0.0297212570
"2015-09-30",-0.0310074066,-0.0274670611,0.0045353712,0.0000000000,0.0641256478
"2015-10-31",0.0774765023,-0.0182224584,-0.0028492124,0.0000000000,-0.0388382467
"2015-11-30",0.0056637592,0.0365183921,-0.0048257728,0.0000000000,0.0127265700
"2015-12-31",-0.0214566500,-0.0296070217,-0.0257335226,0.0000000000,0.0291831703
"2016-01-31",-0.0577379479,-0.0353053249,0.0224393297,0.0000000000,0.0098831850
"2016-02-29",-0.0007053372,0.0086016307,-0.0064168777,0.0002000190,-0.0558160616
"2016-03-31",0.0694957294,0.0081164308,0.0096543091,0.0002200231,-0.0502737038
"2016-04-30",0.0091896065,0.0070910520,0.0329010733,0.0000000000,-0.0515872677
"2016-05-31",0.0180226440,-0.0023086231,-0.0174624208,0.0002100210,0.0151800822
"2016-06-30",-0.0004107494,0.0068101764,-0.0141370246,0.0002200231,0.0408412118
"2016-07-31",0.0394796804,0.0252951377,-0.0113936330,0.0002000190,-0.0394819114
"2016-08-31",0.0049448339,0.0116205965,0.0320886491,0.0002300253,-0.0329966075
"2016-09-30",0.0023294880,0.0207883635,-0.0120687819,0.0002100210,0.0048804729
"2016-10-31",-0.0203990232,-0.0446603262,0.0428017406,0.0002100210,0.0074003901
"2016-11-30",0.0487054342,0.0521767947,0.0769367934,0.0002100210,-0.0282377060
"2016-12-31",0.0180738655,0.0012688819,0.0345676401,0.0002100210,-0.0148324856
"2017-01-31",0.0196720607,-0.0100040623,-0.0270093630,0.0004000760,-0.0010251909
"2017-02-28",0.0357830556,-0.0197460238,-0.0169072882,0.0003800684,-0.0155309554
"2017-03-31",0.0016528727,0.0119972180,-0.0313954040,0.0002300253,-0.0077772274
"2017-04-30",0.0108217094,0.0076436806,-0.0194776957,0.0005701539,0.0054561946
"2017-05-31",0.0106604300,-0.0248158168,-0.0373656575,0.0006602079,0.0219527664
"2017-06-30",0.0081612777,0.0212681099,0.0137905015,0.0006602079,0.0035787311
"2017-07-31",0.0188374723,-0.0142353676,-0.0032465932,0.0008003041,0.0186082074
"2017-08-31",0.0018915015,-0.0154807109,-0.0232941709,0.0009204049,0.0461876758
"2017-09-30",0.0252611486,0.0436728422,0.0303385296,0.0010004751,-0.0132333362
"2017-10-31",0.0227221547,-0.0187737275,0.0004687889,0.0008803697,0.0541313158
"2017-11-30",0.0312784301,-0.0057425346,-0.0004755057,0.0008403361,-0.0136876936
"2017-12-31",0.0106157400,-0.0129168882,0.0027100608,0.0008003041,-0.0128541441
"2018-01-31",0.0557050193,-0.0294564979,-0.0119164228,0.0010505252,0.0295235597
"2018-02-28",-0.0364459984,0.0022080646,-0.0107531179,0.0011406158,0.0408913857
"2018-03-31",-0.0235457566,0.0408031146,-0.0017248052,0.0012607563,-0.0106720663
"2018-04-30",0.0027064459,0.0107420486,0.0040240754,0.0014710295,0.0110764053
"2018-05-31",0.0264124199,0.0511983753,-0.0297595943,0.0013208319,0.0314334889
"2018-06-30",0.0046656889,0.0119387163,-0.0226573182,0.0012607563,-0.0254716529
"2018-07-31",0.0321743999,-0.0214079204,0.0049370411,0.0016813447,-0.0061936722
"2018-08-31",0.0344196231,0.0102609890,-0.0373272195,0.0016112403,0.0519666387
"2018-09-30",0.0008710142,-0.0225427369,-0.0175177051,0.0015210949,-0.0044311032
"2018-10-31",-0.0766673638,-0.0519500942,0.0381214213,0.0018416201,-0.0174611610
"2018-11-30",0.0169959336,-0.0072963697,0.0005563031,0.0016813447,-0.0053010014
"2018-12-31",-0.0952826001,-0.0278272966,-0.0221197558,0.0019017110,0.0321525337
"2019-01-31",0.0839569742,0.0267827768,-0.0058823395,0.0021021013,-0.0737740324
"2019-02-28",0.0338776256,0.0205083683,-0.0258971389,0.0019017110,-0.0047946072
"2019-03-31",0.0108077323,-0.0296394773,-0.0421899106,0.0018917020,0.0155974448
"2019-04-30",0.0394409308,-0.0166010798,0.0189022416,0.0021021013,-0.0188183526
"2019-05-31",-0.0692582373,-0.0128467876,-0.0235344863,0.0019818722,0.1009162311
"2019-06-30",0.0694033714,0.0020153928,-0.0083351928,0.0018015398,-0.0200630706
"2019-07-31",0.0122592781,-0.0201745541,0.0031565061,0.0019818722,0.0292674691
"2019-08-31",-0.0255759401,-0.0246635250,-0.0502898553,0.0015411324,0.0817656897
"2019-09-30",0.0141291896,-0.0096838174,0.0685734566,0.0018015398,-0.0694955453
"2019-10-31",0.0207152553,0.0027176077,-0.0201955540,0.0016112403,0.0044195313
"2019-11-30",0.0387516490,0.0077694296,-0.0182598852,0.0012006842,-0.0327577313
"2019-12-31",0.0276235012,0.0070280617,0.0189631190,0.0014710295,-0.0163905734
"2020-01-31",-0.0009625207,-0.0312849935,-0.0631349707,0.0012607563,0.0776709598
"2020-02-29",-0.0812131923,0.0110278965,-0.0427637356,0.0011406158,0.0138103941
"2020-03-31",-0.1337004014,-0.0593503676,-0.1485880698,0.0013208319,0.0862502750
"2020-04-30",0.1356436889,0.0271407661,-0.0090101732,0.0000000000,-0.1222853429
"2020-05-31",0.0559920663,0.0243654241,-0.0433525057,0.0000000000,-0.0201828350
"2020-06-30",0.0251702527,0.0282774184,-0.0174117174,0.0000000000,-0.0317453013
"2020-07-31",0.0572688790,-0.0204887084,-0.0140421681,0.0000000000,0.0589254031
"2020-08-31",0.0764994730,-0.0022683492,-0.0281706055,0.0000000000,-0.0008500854
"2020-09-30",-0.0361446587,0.0011882601,-0.0290549597,0.0000000000,0.0354137384
"2020-10-31",-0.0210108389,0.0439795532,0.0387272270,0.0000000000,-0.0376884858
