,date,mkt_rf,smb,hml,rf,Mom,liq,Unnamed: 2
197011,1970-11-30,0.0460475938,-0.0387644591,0.0148401511,0.0046100649,0.0221068546,-0.00580052,
197012,1970-12-31,0.0571959972,0.0277699178,0.0084928876,0.0041883497,-0.0238653993,0.05103302,
197101,1971-01-31,0.0482449102,0.0703725731,0.0130470601,0.0038068668,-0.0652016203,-0.05202525,
197102,1971-02-28,0.0140281033,0.0187706929,-0.012778524,0.0032349467,0.0116657961,-0.02022328,
197103,1971-03-31,0.041488346,0.0244130342,-0.0375567763,0.0029942796,-0.0090628055,0.01789328,
197104,1971-04-30,0.0314430391,-0.0047417126,0.0067616249,0.0027335519,0.0300557652,0.02803229,
197105,1971-05-31,-0.0399530778,-0.0109757415,-0.0151175643,0.0030042788,0.0140026059,0.00630164,
197106,1971-06-30,-8.04767e-05,-0.0148802083,-0.0199427208,0.0037466835,0.0224226232,-0.03891157,
197107,1971-07-31,-0.0451527786,-0.0162259736,0.0013826352,0.0039975901,-0.0151948602,-0.0018226,
197108,1971-08-31,0.0349129182,-0.0014175402,0.0261796975,0.0046302014,0.0428296234,0.02494777,
197109,1971-09-30,-0.0084238853,0.0046800031,-0.0289207696,0.0035760755,0.0236235572,0.00606665,
197110,1971-10-31,-0.0439589653,-0.0189752521,-0.0047137715,0.0035760755,-0.0026623065,0.03499148,
197111,1971-11-30,-0.0046415685,-0.0287213439,-0.0166058845,0.0037868118,0.0109715666,0.00736597,
197112,1971-12-31,0.086911787,0.0314745156,-0.004847325,0.0037466835,-0.0133993998,0.00253523,
197201,1972-01-31,0.0248340997,0.0598958782,0.0190039043,0.0029441197,-0.0041331977,-0.03449117,
197202,1972-02-29,0.0287755722,0.0134455913,-0.0263479775,0.002402738,0.0206349045,0.01024115,
197203,1972-03-31,0.0062294797,-0.0025795636,-0.0170212134,0.0026433291,0.0351233182,0.03312923,
197204,1972-04-30,0.0026044928,0.0007599493,0.0018661449,0.0028037271,0.0303784097,0.01514382,
197205,1972-05-31,0.0125719499,-0.0278024002,-0.0268093765,0.0030845318,0.0372072961,-0.00067656,
197206,1972-06-30,-0.0241813615,0.0040832358,-0.0259030395,0.0028639073,0.0192297331,0.01315457,
197207,1972-07-31,-0.0079578695,-0.0297098398,0.0083534115,0.0032048687,0.0261389628,0.0157442,
197208,1972-08-31,0.0327462067,-0.0388003135,0.04715676,0.0027636463,-0.0361096792,-0.0302183,
197209,1972-09-30,-0.0110787463,-0.0267660705,0.0044385414,0.0034054966,0.0181874704,-0.01442212,
197210,1972-10-31,0.0050039601,-0.0276901876,0.01289841,0.0039674934,0.0098723463,-0.01615959,
197211,1972-11-30,0.0453820327,-0.0105363019,0.0475513264,0.0038068668,-0.0488777473,-0.00776532,
197212,1972-12-31,0.006883403,-0.0186965178,-0.0226984552,0.0038068478,0.0580391761,0.00898538,
197301,1973-01-31,-0.0326477046,-0.0360554304,0.0281199377,0.0044192733,0.0341533134,-0.01456082,
197302,1973-02-28,-0.048131902,-0.0417801594,0.0187490341,0.0041882867,0.0339711431,-0.01090211,
197303,1973-03-31,-0.0131542637,-0.0282154485,0.02720148,0.0046302014,0.0354724824,-0.0129657,
197304,1973-04-30,-0.056511225,-0.0418276866,0.0617548363,0.0052128641,0.0778797642,0.02323191,
197305,1973-05-31,-0.0294046465,-0.0631112456,0.0017229049,0.0050722387,0.0654943076,-0.0025894,
197306,1973-06-30,-0.0153744367,-0.0301534501,0.0137597692,0.0050521144,0.0498336124,-0.03263042,
197307,1973-07-31,0.0499311582,0.0750074361,-0.0478531021,0.006318936,-0.1113165622,0.00246489,
197308,1973-08-31,-0.0379892263,-0.0204485452,0.011161786,0.0069228179,0.0289579455,0.01564823,
197309,1973-09-30,0.0473666925,0.028221921,0.0213520393,0.0068622069,-0.0674927866,0.01702993,
197310,1973-10-31,-0.0105883324,-0.0020287812,0.0174298707,0.0064598741,0.0711002805,-0.04304415,
197311,1973-11-30,-0.1272886901,-0.0871616528,0.0487710809,0.0054742194,0.1044585686,-0.02681412,
197312,1973-12-31,0.0062579179,-0.051690851,0.0396361183,0.0064194934,0.0756175269,-0.01678427,
197401,1974-01-31,-0.0015901951,0.0954886504,0.0575721144,0.0061781443,-0.0841858229,0.10418518,
197402,1974-02-28,-0.0044109782,9.73973e-05,0.0248753889,0.005906462,0.0031130605,0.03646193,
197403,1974-03-31,-0.0283501003,0.0250860177,-0.0018664458,0.0054742194,-0.0205506893,0.04699442,
197404,1974-04-30,-0.0526038386,-0.0069592621,0.010604471,0.0075872782,0.0154732884,0.02100897,
197405,1974-05-31,-0.0461779568,-0.0320868947,-0.0215538363,0.0075067642,-0.0164760497,0.05574471,
197406,1974-06-30,-0.0282885898,-0.0032235282,0.0065078907,0.0060171308,0.0275520304,-0.00622637,
197407,1974-07-31,-0.0802424981,0.0090927735,0.0549467719,0.0070637049,0.0245960131,-0.003441,
197408,1974-08-31,-0.0930490527,-0.0085798474,0.0267544254,0.0059568703,0.0249887842,-0.02381915,
197409,1974-09-30,-0.117078212,0.0007819422,0.0605037434,0.0080304731,0.0395379986,0.02169861,
197410,1974-10-31,0.1608051447,-0.0336546114,-0.0866440887,0.0050722641,-0.0193456979,-0.07344784,
197411,1974-11-30,-0.0450062867,-0.0124675619,-0.0030906219,0.0054138735,0.0197335363,-0.01935048,
197412,1974-12-31,-0.0341796943,-0.0494814767,-0.0003519708,0.0069529169,0.0215649365,0.01903864,
197501,1975-01-31,0.1330727943,0.0941063104,0.071506514,0.0057356427,-0.1467001565,0.10767499,
197502,1975-02-28,0.0555346716,0.0009719507,-0.043063944,0.0043790577,-0.0169008415,0.03711914,
197503,1975-03-31,0.0263432531,0.036369066,0.0238620096,0.0042083896,-0.0230333828,0.05958711,
197504,1975-04-30,0.0421232039,-0.0058759068,-0.0107209182,0.0044092523,0.0070843671,0.000934,
197505,1975-05-31,0.0517008503,0.0368912748,-0.0369097006,0.0044192733,-0.0057484262,-0.03162696,
197506,1975-06-30,0.0481153339,0.0068340847,0.012526038,0.0039975901,-0.0005999445,-0.01776367,
197507,1975-07-31,-0.0655827596,0.0283595449,0.0182338022,0.0048511968,0.0016182821,-0.01027577,
197508,1975-08-31,-0.028246851,-0.0326901963,-0.0085860802,0.0048411252,-0.0013262821,-0.00831454,
197509,1975-09-30,-0.0424475584,-0.0024245318,0.0025404172,0.0052631458,-0.0058787587,-0.01888637,
197510,1975-10-31,0.0528152322,-0.0387411202,0.0030381178,0.0055345973,0.010365566,0.09092135,
197511,1975-11-30,0.02657418,-0.0117967433,0.0192485451,0.0041882867,-0.0028612923,0.03603464,
197512,1975-12-31,-0.0162510527,-0.0079381105,0.0182807403,0.0048511968,-0.003447182,-0.00322575,
197601,1976-01-31,0.1214035384,0.0425510157,0.0762976267,0.0046301782,0.018854932,0.01751494,
197602,1976-02-29,0.0034334309,0.0678178196,0.055886672,0.0034255461,0.0149098212,-0.04278389,
197603,1976-03-31,0.0230347824,-0.0119027798,-1.30213e-05,0.0039173204,-0.0087741043,-0.01660943,
197604,1976-04-30,-0.014766586,-0.0001636358,-0.0005812742,0.0042084106,0.001770276,-0.01956703,
197605,1976-05-31,-0.0138227761,-0.0126765596,-0.012903644,0.0038068668,-0.0135562153,-0.04190786,
197606,1976-06-30,0.0403868555,-0.0131621997,0.0067956478,0.0044092523,-0.0070145626,-0.00610714,
197607,1976-07-31,-0.0107483721,0.0027514942,0.0169009838,0.0046301782,-0.0090858222,-0.02750855,
197608,1976-08-31,-0.0056044277,-0.0209508617,0.0081168275,0.0041883497,-0.0075433349,0.0180023,
197609,1976-09-30,0.0205572533,0.0004433871,-0.0035249258,0.0044192733,0.0021823147,-0.01528527,
197610,1976-10-31,-0.0242392918,0.0018917421,-0.0013351407,0.0039975901,-0.0072448686,0.00399457,
197611,1976-11-30,0.0038220079,0.0228539904,0.0154586259,0.0040076091,0.0227948601,-0.02344162,
197612,1976-12-31,0.0565814249,0.0287264674,0.0207424163,0.0039674934,0.0044728981,-0.01253071,
197701,1977-01-31,-0.0400507012,0.0486226665,0.0445649425,0.0035760755,0.0454353285,-0.03090381,
197702,1977-02-28,-0.019352076,0.0107041525,0.0053923414,0.0034255461,-0.0020349614,-0.0102731,
197703,1977-03-31,-0.013587226,0.0094762344,0.0097231966,0.0036864841,0.0045591173,0.01122769,
197704,1977-04-30,0.0014722115,-0.0013560143,0.0345299268,0.0038068668,0.036167046,-0.02971101,
197705,1977-05-31,-0.0145420387,0.0121272324,0.008313042,0.0037868118,0.0192417344,0.01743986,
197706,1977-06-30,0.0471490499,0.0198186703,-0.0052195561,0.0039674934,0.0133601247,0.0208141,
197707,1977-07-31,-0.0170989099,0.0208671465,-0.0070158225,0.0041882867,-0.0017405559,0.0011137,
197708,1977-08-31,-0.0176543698,0.0159572876,-0.0282817741,0.0043791455,-0.018382316,0.03117883,
197709,1977-09-30,-0.0028855261,0.0148688415,-0.0027291313,0.0044192733,0.0257888257,0.01221344,
197710,1977-10-31,-0.0436612668,0.0122151324,0.0161884916,0.0048411252,-0.0071456375,-0.01137042,
197711,1977-11-30,0.0397290528,0.0352108052,0.0023493656,0.0050521144,0.0180972813,0.00429908,
197712,1977-12-31,0.0025237024,0.0132319732,-0.0037463898,0.0048411252,0.0194122455,-0.00563987,
197801,1978-01-31,-0.0601504908,0.0233954924,0.0344756594,0.0048411252,-0.0167212298,0.00650995,
197802,1978-02-28,-0.0140587459,0.0362626267,0.007601134,0.004569863,0.0156751417,0.00136091,
197803,1978-03-31,0.0282455282,0.033675968,0.0117236608,0.0052933269,0.0126340346,0.01633719,
197804,1978-04-30,0.0784581723,0.0032656647,-0.0325739511,0.0054138735,8.9929e-05,0.03212413,
197805,1978-05-31,0.0171408126,0.0436024756,-0.0062651525,0.0050722387,0.0211483987,0.01593199,
197806,1978-06-30,-0.0169766414,0.0174028408,0.0061619941,0.0052933269,0.0229586708,0.00834925,
197807,1978-07-31,0.0509001383,0.0031295003,-0.0094927219,0.0056149211,0.0425891027,0.03180526,
197808,1978-08-31,0.0376494507,0.0490986796,-0.0055564147,0.0055345973,0.0257279091,-0.00140559,
197809,1978-09-30,-0.0145544053,-0.0046948405,0.0186309901,0.006218293,-0.0412125565,-0.02595187,
197810,1978-10-31,-0.1183573648,-0.1104158643,0.0165276805,0.006842245,-0.1021071668,0.04393819,
197811,1978-11-30,0.0267502331,0.0297803376,-0.0216132107,0.0069529169,0.045612157,-0.03453245,
197812,1978-12-31,0.0086376696,0.0113600133,-0.0220143019,0.0078289667,0.0345100523,0.00320466,
197901,1979-01-31,0.0416754322,0.0342767475,0.0214666831,0.0077283636,-0.0099086701,-0.00940122,
197902,1979-02-28,-0.0357326245,0.0046411785,0.0123398734,0.0072447457,-0.0183364458,-0.03257974,
197903,1979-03-31,0.0563851711,0.0295334366,-0.0060358984,0.008171702,0.0165576788,-0.01101773,
197904,1979-04-30,-0.0003855586,0.0211764592,0.0102246226,0.0080304731,0.0110184788,0.02047961,
197905,1979-05-31,-0.0218150478,0.0016935905,0.0129582107,0.008171702,-0.0105261921,-0.023781,
197906,1979-06-30,0.0378478997,0.0108214027,0.0139350998,0.0080103971,0.0085394705,-0.01699896,
197907,1979-07-31,0.0078935205,0.0120978852,0.0159746703,0.0075872782,-0.016270421,-0.01449611,
197908,1979-08-31,0.0549355939,0.0195281888,-0.0143503507,0.0076176154,-0.0144334108,0.01599076,
197909,1979-09-30,-0.0083230199,-0.0024478159,-0.0089013923,0.0082016951,0.054230662,-0.00999328,
197910,1979-10-31,-0.0803794866,-0.0351820977,-0.0203567198,0.0087766306,0.0286978565,-0.00045465,
197911,1979-11-30,0.0520927923,0.0253872747,-0.0300140047,0.0099165274,0.0652906574,-0.06976762,
197912,1979-12-31,0.0180452194,0.0405097746,-0.0188850929,0.0094420896,0.0456126823,-0.01799238,
198001,1980-01-31,0.0547567977,0.0152343,0.0166899985,0.0079500096,0.0722070969,0.0001861,
198002,1980-02-29,-0.0121952276,-0.0192364102,0.0060544294,0.0088368813,0.074777688,0.01719526,
198003,1980-03-31,-0.1277134628,-0.0743305924,-0.0124127354,0.0120384759,-0.1007202564,0.02982032,
198004,1980-04-30,0.0395378577,0.0090867489,0.0094078771,0.0124633749,-0.0072378595,-0.0111983,
198005,1980-05-31,0.0521753988,0.0197055015,0.0035496609,0.0080103971,-0.0143728681,-0.00725668,
198006,1980-06-30,0.0302847247,0.0157760916,-0.0088074549,0.0061076935,0.0129811967,0.01042402,
198007,1980-07-31,0.0643158887,0.0397284704,-0.0571928158,0.0052933269,-0.0054274174,-0.0068549,
198008,1980-08-31,0.0179484981,0.0379890141,-0.0249038182,0.006318936,0.033498662,0.01144489,
198009,1980-09-30,0.0217274324,0.0084184881,-0.0479905054,0.0075872782,0.0529660393,0.01401007,
198010,1980-10-31,0.0103312515,0.022774975,-0.0296158288,0.0094726516,0.0588868948,0.02764647,
198011,1980-11-30,0.0953981363,-0.0312902539,-0.0739300788,0.0095830994,0.1564599945,0.02789981,
198012,1980-12-31,-0.0439429442,-0.0032841484,0.0266938218,0.0130607283,-0.0624241552,0.02750117,
198101,1981-01-31,-0.0499727398,0.0309541068,0.0706731836,0.0103405778,-0.0757604184,0.04003611,
198102,1981-02-28,0.0057385743,-0.0041493203,0.0083201674,0.0106937962,0.0089259362,0.0020778,
198103,1981-03-31,0.0357593433,0.0320515263,0.0051841725,0.0121701344,0.012660302,0.01531355,
198104,1981-04-30,-0.0215714499,0.0462091049,0.0234491688,0.0107647978,-0.0116399105,-0.01713319,
198105,1981-05-31,0.0011036392,0.0186100115,-0.0043930053,0.0114619426,0.0452111659,-0.02528308,
198106,1981-06-30,-0.0241882164,-0.0084919874,0.0537256123,0.0135063057,-0.0596369674,0.06080179,
198107,1981-07-31,-0.0154805836,-0.0215755316,-0.0067117314,0.0123927128,-0.0355644919,-0.01412726,
198108,1981-08-31,-0.0700432042,-0.0205649725,0.0515302405,0.0128884437,-0.0039254175,-0.0015173,
198109,1981-09-30,-0.0710347303,-0.0282334525,0.0526714971,0.0124633749,0.0162359854,0.09463966,
198110,1981-10-31,0.0485201959,0.0196964377,-0.0393429464,0.0119476027,0.0264456862,-0.02337636,
198111,1981-11-30,0.0334473753,-0.0102132297,0.0178457591,0.0106535411,-0.0051919861,0.06020799,
198112,1981-12-31,-0.0360068816,0.0116881365,0.007013085,0.0088370587,0.0078175004,0.00777277,
198201,1982-01-31,-0.0326021611,-0.0136710186,0.0312506114,0.0080304731,0.0148874699,-0.02015572,
198202,1982-02-28,-0.0581829937,0.0044938193,0.0649655738,0.0091595058,0.0588077852,-0.01174033,
198203,1982-03-31,-0.0176818663,-0.0026947796,0.0352486183,0.0097047607,0.0209197444,0.04321288,
198204,1982-04-30,0.0316215175,0.015009839,-0.0301048262,0.0111891875,-0.0041597686,-0.02440709,
198205,1982-05-31,-0.0390170299,0.0018031879,0.0181924225,0.0106535411,0.0232767763,0.02937871,
198206,1982-06-30,-0.0308569258,-0.0029236303,0.0176705032,0.0095028346,0.0512186711,0.04982222,
198207,1982-07-31,-0.0311946745,0.0089955021,0.0011998066,0.0105526666,0.0608498366,-0.01620085,
198208,1982-08-31,0.1112518052,-0.0399063235,0.009652569,0.0077283636,-0.0227583684,-0.00479533,
198209,1982-09-30,0.0127511856,0.0272620535,0.0018593196,0.0050521144,0.0306410592,0.04229533,
198210,1982-10-31,0.1120391993,0.0195549583,-0.0326786064,0.0058964932,-0.0125277198,-0.03734213,
198211,1982-11-30,0.0464365675,0.0440689153,-0.0196640716,0.006318936,0.0639241222,0.01039021,
198212,1982-12-31,0.0059553539,-0.0033622323,-0.00164299,0.006842245,-0.0059307784,-0.0316098,
198301,1983-01-31,0.0354951322,0.0253229961,-0.0080550176,0.0069529169,-0.0224078309,-0.05260168,
198302,1983-02-28,0.0258354913,0.0297022815,0.0049202835,0.0060975422,0.022133077,-0.0293076,
198303,1983-03-31,0.0284416863,0.0165737803,0.0202007129,0.0062284786,-0.0025613397,0.04336446,
198304,1983-04-30,0.0662550957,0.00466484,0.0048462918,0.0072246773,0.0154035058,0.03779305,
198305,1983-05-31,0.0053950927,0.0612818137,-0.0127636703,0.0069529169,-0.0196497594,0.01919054,
198306,1983-06-30,0.0303191916,0.0085288607,-0.0373183759,0.0066208316,0.0219042654,-0.00040756,
198307,1983-07-31,-0.0407426662,0.0142176175,0.0579598287,0.0074260688,-0.0378196476,0.04569342,
198308,1983-08-31,-0.0051452386,-0.0427776402,0.056581127,0.0076176154,-0.0544213628,0.04335315,
198309,1983-09-30,0.0091264076,0.0050948925,0.0100471891,0.0075872782,-0.0041230657,0.01099896,
198310,1983-10-31,-0.0342704447,-0.037389879,0.053603896,0.0075872782,-0.0277402027,0.05662081,
198311,1983-11-30,0.0217097078,0.0195001247,-0.0063483909,0.0069529169,-0.0074278737,-0.0699636,
198312,1983-12-31,-0.0181251145,-0.0033079839,0.0169504169,0.0071643284,-0.0038290953,0.05017865,
198401,1984-01-31,-0.0199682261,-0.0038383802,0.0784433245,0.0075872782,-0.0269946999,0.06659971,
198402,1984-02-29,-0.0478397726,-0.0184680527,0.0359289536,0.0072246773,0.0114813823,0.00850094,
198403,1984-03-31,0.0062884179,-0.0001177608,0.0043740418,0.0072852113,0.0103672608,0.00530732,
198404,1984-04-30,-0.0050722478,-0.0122467687,0.0124880843,0.0082320177,0.0152568742,0.00830868,
198405,1984-05-31,-0.0593304046,0.0003936017,0.0017665394,0.0077283636,0.0288671603,0.02400766,
198406,1984-06-30,0.0178628955,-0.0043738862,-0.0253190914,0.0075872782,-0.0019634067,-0.00547198,
198407,1984-07-31,-0.0270767088,-0.0227237455,0.0052347275,0.00822202,0.0448278319,0.01549686,
198408,1984-08-31,0.1018415531,-0.0034238509,-0.0179405953,0.0083128716,-0.0570272172,-0.02667349,
198409,1984-09-30,-0.0079870843,0.0011989214,0.0544736026,0.008584716,0.032927723,0.02622654,
198410,1984-10-31,-0.0084363901,-0.0116375388,0.0059420501,0.0099369208,0.0332294646,-0.00762248,
198411,1984-11-30,-0.0174387405,-0.0079209044,0.0405037838,0.0073757821,0.0273537302,0.0160219,
198412,1984-12-31,0.0182337487,-0.0049448178,-5.95328e-05,0.0064194934,0.0103718539,-0.00493264,
198501,1985-01-31,0.0793694516,0.0289962229,-0.0491453829,0.0063994647,-0.0642764188,-0.01578563,
198502,1985-02-28,0.0120768105,0.0052543671,-0.0042664981,0.0057154162,0.0069626667,0.0247697,
198503,1985-03-31,-0.0082687821,-0.0122581199,0.0414664682,0.0061076935,0.0189309707,0.0401657,
198504,1985-04-30,-0.0095387955,0.0011402327,0.0381077075,0.0071643284,0.0333931368,0.03773248,
198505,1985-05-31,0.0505849486,-0.0216398222,-0.0087672889,0.0066208316,0.0449956223,-0.00795588,
198506,1985-06-30,0.0127387959,0.0035907389,0.0036775037,0.0056149211,0.0297048268,0.00735248,
198507,1985-07-31,-0.0073824019,0.0297497739,-0.0162296211,0.0061781443,-0.0390467443,-0.01765668,
198508,1985-08-31,-0.0100924183,-0.0037709639,0.0233027305,0.0055144616,0.0231098766,0.02672546,
198509,1985-09-30,-0.0450308268,-0.0166719373,0.0137186443,0.0060975422,0.0193096845,0.01093591,
198510,1985-10-31,0.039937463,-0.0157007511,0.0083130755,0.0064598741,0.0456373161,0.05150047,
198511,1985-11-30,0.0645386199,0.0015704385,-0.0272773869,0.0060171308,-0.0072221733,0.00672971,
198512,1985-12-31,0.0385327794,-0.0056118985,-0.0145098651,0.0065302207,0.0026262769,-0.02013096,
198601,1986-01-31,0.0067098393,0.011473498,0.0056689666,0.0055144616,0.0339858337,0.01597593,
198602,1986-02-28,0.071008918,-0.006790119,-0.008730842,0.0053334277,0.0195118603,0.00281563,
198603,1986-03-31,0.0485087528,-0.0056848535,-0.0041461546,0.0060171308,0.0291338584,0.0381839,
198604,1986-04-30,-0.0130521881,0.0277122179,-0.0286997339,0.0052933269,-0.0075409211,-0.00300567,
198605,1986-05-31,0.0461427311,-0.0134917354,-0.0010655956,0.0048411252,0.0141494484,0.02628063,
198606,1986-06-30,0.0102396913,-0.009321498,0.0131284311,0.0052631458,0.0488584785,0.05867345,
198607,1986-07-31,-0.064256844,-0.0361340319,0.05070747,0.0052933269,0.0311953759,-0.01380785,
198608,1986-08-31,0.0604061578,-0.0395592402,0.0337167597,0.0046301782,-0.0469690454,-0.02668404,
198609,1986-09-30,-0.0854209563,0.0237155916,0.0348684507,0.0044192733,-0.0611897688,0.04453353,
198610,1986-10-31,0.0464009095,-0.0240283343,-0.0131804556,0.0046101342,0.026737921,0.01576519,
198611,1986-11-30,0.0117409031,-0.019265794,-0.0002544234,0.0039975501,-0.0042442488,-0.029403,
198612,1986-12-31,-0.0327320958,0.0007056481,0.003245551,0.0048511968,0.0107126767,-0.01277188,
198701,1987-01-31,0.1241269251,-0.0174712962,-0.0289568304,0.0042084106,0.0170301636,-0.07152219,
198702,1987-02-28,0.0440028953,0.0333610712,-0.0561917373,0.0043790577,-0.023508077,-0.04061123,
198703,1987-03-31,0.0160114392,0.0029762737,0.01582408,0.0046302014,0.0187137089,-0.01097802,
198704,1987-04-30,-0.0208598986,-0.0187572215,-0.0036664752,0.0044192733,0.005259659,-0.03756075,
198705,1987-05-31,0.0011925445,-0.0064747395,0.0003840751,0.0038068668,-0.0100025009,0.00815739,
198706,1987-06-30,0.0386883052,-0.0213927468,0.0101949672,0.0048511968,-0.00474752,0.02275992,
198707,1987-07-31,0.0381297872,-0.0068476145,0.0066646928,0.0046302014,0.0326226729,0.00987008,
198708,1987-08-31,0.0349127266,-0.0078989872,-0.0091767774,0.0046301782,-0.014223044,-0.04520908,
198709,1987-09-30,-0.0260596257,0.0044784799,0.0018998069,0.0044192733,0.0155889184,0.00486162,
198710,1987-10-31,-0.2312303699,-0.1227068593,0.0477365524,0.0059568703,-0.0722336502,0.03480785,
198711,1987-11-30,-0.077389756,0.0278030219,0.033064095,0.0034054966,0.0028061716,-0.00927515,
198712,1987-12-31,0.0678148819,-0.0013206283,-0.0426557956,0.0039674934,0.0353575469,0.00274312,
198801,1988-01-31,0.0421355013,-0.0107392089,0.0475196199,0.0030042788,-0.059170877,0.0440885,
198802,1988-02-29,0.0477462012,0.0317173403,-0.0151842798,0.0046100649,-0.0305115994,0.00385365,
198803,1988-03-31,-0.0223703526,0.0622905005,0.0077335887,0.0043791455,0.0088172365,-0.02056734,
198804,1988-04-30,0.0057656612,0.0076738852,0.0160976358,0.0046100649,0.0139426784,-0.02535004,
198805,1988-05-31,-0.0027533205,-0.0269004479,0.0242231586,0.0050521144,0.0013539026,-0.00543695,
198806,1988-06-30,0.0473913507,0.0194095163,-0.0104895553,0.0048511968,-0.026049137,-0.00953852,
198807,1988-07-31,-0.0124085517,-0.0032669668,0.02281107,0.0050118928,-0.0017310408,-0.00947366,
198808,1988-08-31,-0.032975412,-2.62563e-05,0.0206291765,0.005997134,0.0140495962,0.0358958,
198809,1988-09-30,0.0329370969,-0.0126873377,-0.0066411864,0.0061076935,0.0019473794,0.0149247,
198810,1988-10-31,0.0115397737,-0.0293847458,0.01726724,0.0061076935,0.0073016719,0.02369342,
198811,1988-11-30,-0.0224696678,-0.017398795,0.0124069095,0.0056853352,0.007097533,-0.00057618,
198812,1988-12-31,0.0148215464,0.0177651124,-0.016503847,0.006318936,-0.0092961864,-0.04471436,
198901,1989-01-31,0.0606186964,-0.0203070486,0.0049628134,0.0054742194,0.005667004,-0.00220187,
198902,1989-02-28,-0.0222720371,0.0274139863,0.0082913633,0.0060975422,0.0057954463,-0.00427192,
198903,1989-03-31,0.0154254487,0.0067128768,0.0041780608,0.0066208316,0.0345286783,-0.00970341,
198904,1989-04-30,0.0427958166,-0.0060950655,-0.0136244566,0.0068220089,0.0154885745,-0.02000575,
198905,1989-05-31,0.0330769243,-0.001195687,-0.0082120766,0.0079500096,0.0130490253,-0.03828178,
198906,1989-06-30,-0.0134646938,-0.0105664097,0.0217552856,0.0070637049,0.0072270981,0.07366713,
198907,1989-07-31,0.0713849841,-0.0373454962,-0.0263132044,0.007023324,0.0528117942,0.03081888,
198908,1989-08-31,0.0145445868,0.0046233458,0.007489776,0.0073859653,-0.0040996825,0.00652344,
198909,1989-09-30,-0.0074776324,0.0021882374,-0.0132558617,0.006620732,0.0367852516,-0.04880614,
198910,1989-10-31,-0.0363221188,-0.0358166196,-0.0123479209,0.006842245,0.0334978948,0.02662517,
198911,1989-11-30,0.0099309042,-0.0128082357,-0.0109977188,0.0069529169,0.0249086698,-0.02547946,
198912,1989-12-31,0.0115852744,-0.0239338218,0.0022575138,0.0060171308,0.0261613401,0.02029981,
199001,1990-01-31,-0.0779711286,-0.0148204478,0.0092426399,0.0057356427,-0.026893806,-0.03364272,
199002,1990-02-28,0.01116885,0.0095951074,0.0061595472,0.0057154162,-0.0002984109,-0.02990935,
199003,1990-03-31,0.0179794925,0.0148608622,-0.0279244095,0.0063994647,0.0173830404,-0.02689389,
199004,1990-04-30,-0.0334468121,-0.005401734,-0.0262365585,0.0068220089,0.0232895253,0.05850528,
199005,1990-05-31,0.0841498968,-0.0243930333,-0.0341125273,0.006842245,0.0298621006,-0.00628601,
199006,1990-06-30,-0.0108531833,0.0138741488,-0.0194065786,0.006318936,0.0295916581,0.02616832,
199007,1990-07-31,-0.018950911,-0.032765612,7.29292e-05,0.0067415476,0.0598489931,0.05014475,
199008,1990-08-31,-0.1007564697,-0.0387605756,0.0142437824,0.0064598741,0.0234982108,0.045158,
199009,1990-09-30,-0.0609810036,-0.0388521816,0.0071109548,0.005906462,0.0788504986,0.01964647,
199010,1990-10-31,-0.018878721,-0.0568189897,0.0008599127,0.0069228179,0.0718687021,-0.01223098,
199011,1990-11-30,0.0631897148,0.0021768873,-0.029770528,0.0056853352,-0.053789028,-0.01153405,
199012,1990-12-31,0.0244488117,0.0071608361,-0.0149404515,0.0060171308,-0.004038448,-0.03337994,
199101,1991-01-31,0.0467603058,0.0352863991,-0.0192562821,0.0050722387,-0.0442425651,-0.09360752,
199102,1991-02-28,0.0716116515,0.0366763535,-0.0053435984,0.0047607027,-0.0397594375,-0.0209043,
199103,1991-03-31,0.0263423616,0.037707537,-0.0119736946,0.0044092082,0.0325461267,-0.00623482,
199104,1991-04-30,-0.0026175083,0.0039167744,0.0142715196,0.0052933269,-0.0235047303,0.01702663,
199105,1991-05-31,0.0364905408,-0.0038783491,-0.0066728684,0.0046302014,-0.0054761134,-0.00890575,
199106,1991-06-30,-0.0493204352,0.0004481184,0.0124282421,0.0042083896,-0.0032440891,0.02953914,
199107,1991-07-31,0.0422330363,-0.0095458504,-0.0123829346,0.0048511968,0.0386296558,0.0176319,
199108,1991-08-31,0.0233716168,0.0152618321,-0.0072532425,0.0046302014,0.0268552295,-0.01811231,
199109,1991-09-30,-0.0156114949,0.0158538377,-0.0106849601,0.0046100649,0.014816956,0.01055563,
199110,1991-10-31,0.0126800737,0.008439559,-0.0039689702,0.0041482075,0.02879767,0.02144749,
199111,1991-11-30,-0.0420548667,-0.0046624862,-0.0205497254,0.0040076091,0.0206864065,0.04347328,
199112,1991-12-31,0.1084973253,-0.0210682989,-0.0357734262,0.0037868118,0.064731392,-0.05098599,
199201,1992-01-31,-0.0058105143,0.0845297332,0.0441219269,0.0033052027,-0.0245289571,-0.07806138,
199202,1992-02-29,0.0107439075,0.008397003,0.0631658705,0.0028538508,-0.0087547118,-0.04595154,
199203,1992-03-31,-0.0265794022,-0.0100383667,0.0371764889,0.0033052027,-0.0004329915,-0.00100618,
199204,1992-04-30,0.0107292034,-0.0600935302,0.043687252,0.0031547295,-0.0227514609,-0.0061618,
199205,1992-05-31,0.0030359915,0.0038776484,0.0119030074,0.0028037271,-0.0031233427,-0.00189318,
199206,1992-06-30,-0.0233916239,-0.0317755095,0.0362024279,0.0033052027,-0.0057085482,0.0198032,
199207,1992-07-31,0.037701241,-0.0042960118,-0.0052329289,0.0030845318,0.0061401024,0.02433435,
199208,1992-08-31,-0.0237946874,-0.0011478716,-0.0097786169,0.0025230263,-0.0021308946,0.04984212,
199209,1992-09-30,0.0115768567,0.0056079581,-0.0025309326,0.0025230263,0.0222860144,-0.02150347,
199210,1992-10-31,0.0101534651,0.0199815168,-0.0197222441,0.0022023115,0.019278702,-0.01935261,
199211,1992-11-30,0.0411026093,0.035001998,-0.0138337673,0.002402738,0.0017497619,-0.05248292,
199212,1992-12-31,0.0155521807,0.0159376218,0.0251337133,0.0028639073,0.0427298034,-0.02750549,
199301,1993-01-31,0.0092817049,0.0199882481,0.0593833663,0.002402738,0.044684767,-0.00307993,
199302,1993-02-28,0.0011410893,-0.0339480794,0.065937638,0.0022824641,0.033159073,0.0676122,
199303,1993-03-31,0.0230815739,0.0015952577,0.0123297055,0.0025330637,0.0418938352,-0.04119357,
199304,1993-04-30,-0.0302222606,-0.0067923887,0.026229031,0.0023125428,0.0038541321,-0.01662867,
199305,1993-05-31,0.0287594569,0.0186854768,-0.0334342211,0.0022023005,-0.0118156664,0.04365056,
199306,1993-06-30,0.0031373272,-0.0034456424,0.025933205,0.0026433291,0.0424468394,-0.03162674,
199307,1993-07-31,-0.00360249,0.0087010339,0.028662242,0.0023125428,0.0316299467,-0.01376605,
199308,1993-08-31,0.0373651972,0.0014581969,0.0012236899,0.0024227972,0.019379105,0.01636544,
199309,1993-09-30,-0.0014380612,0.0306991671,-0.0025320201,0.0025230263,0.0336986629,-0.07546294,
199310,1993-10-31,0.0141693098,0.0201778832,-0.0272656564,0.0023125428,-0.0227197137,0.04824521,
199311,1993-11-30,-0.0187803265,-0.0127880222,-0.0075962958,0.0025230263,-0.0526329979,0.05187487,
199312,1993-12-31,0.01632357,0.0118573938,0.0029651247,0.0022023115,0.0193251615,0.01264357,
199401,1994-01-31,0.0287416534,0.0037084455,0.0110213721,0.0025230263,-0.0031193521,-0.00666442,
199402,1994-02-28,-0.0253469004,0.02875661,-0.016198146,0.0020920704,0.0029269149,0.0093077,
199403,1994-03-31,-0.0477953293,-0.0118134891,0.0175776668,0.0027636463,-0.0170011077,0.02605825,
199404,1994-04-30,0.0068014178,-0.0096459723,0.0167721302,0.0026633543,-0.0046179561,0.00724243,
199405,1994-05-31,0.006565862,-0.0209142457,0.0051452901,0.0031547295,-0.0197574041,0.03475277,
199406,1994-06-30,-0.0303082718,-0.0048308672,0.0183762599,0.0030845318,-0.0066561497,0.00294348,
199407,1994-07-31,0.027925104,-0.0175870518,0.006168008,0.0028037271,-3.11392e-05,-0.01134941,
199408,1994-08-31,0.0398711425,0.0136949752,-0.0233069545,0.0036864841,0.010416535,0.00418145,
199409,1994-09-30,-0.0229556957,0.0319772629,-0.0196539053,0.0035760755,0.0131725865,0.03081471,
199410,1994-10-31,0.0133161097,-0.0219712708,-0.0166312426,0.0037868118,0.0178088347,0.01295209,
199411,1994-11-30,-0.0400548594,0.0024580578,-0.0081000355,0.0037868118,-0.0018980076,-0.01976682,
199412,1994-12-31,0.0086105805,0.0026253158,-0.0024850242,0.0044192733,0.024934628,0.01717236,
199501,1995-01-31,0.0179142414,-0.034436879,0.0260331917,0.0042084106,-0.0101885138,-0.03696721,
199502,1995-02-28,0.0358031345,-0.0060587782,0.0103989332,0.0039975501,-0.0028284283,-0.00404939,
199503,1995-03-31,0.0218364015,-0.002180748,-0.0210565982,0.0046101342,-8.06703e-05,0.01954637,
199504,1995-04-30,0.0210204222,-0.0052890923,0.0169513719,0.0043790577,0.0124822611,0.02623209,
199505,1995-05-31,0.0288308689,-0.0249886082,0.0214286188,0.0052933269,-0.0036374115,-0.00923606,
199506,1995-06-30,0.0268562259,0.0299235546,-0.0245172788,0.0046302014,0.0233496259,0.00528835,
199507,1995-07-31,0.0370330494,0.0202646742,-0.0161287964,0.0046100649,0.0240099835,0.04696596,
199508,1995-08-31,0.0055166503,0.0132515034,0.0290279286,0.0046101342,0.0026781617,-0.00968895,
199509,1995-09-30,0.0333552395,-0.0220367939,6.73958e-05,0.0044092082,0.0186921497,-0.08151823,
199510,1995-10-31,-0.0149066188,-0.038870288,-0.0043300301,0.0046302014,0.0483146228,0.03408096,
199511,1995-11-30,0.0392977722,-0.0112690581,0.0060244085,0.0042084106,-0.0103782418,-0.0202072,
199512,1995-12-31,0.0100384798,0.00597938,0.0021945998,0.0048109598,0.0150760723,-0.03618182,
199601,1996-01-31,0.0226192765,-0.0263704186,0.002379337,0.0041883497,0.0149324354,0.06793919,
199602,1996-02-29,0.0132274664,0.0174836726,-0.0105378468,0.0040076091,0.0064611799,0.03771266,
199603,1996-03-31,0.007213351,0.014795196,0.0042425587,0.0039975901,-0.0213228903,-0.04008977,
199604,1996-04-30,0.0207781121,0.0515868318,-0.0392259806,0.0046301782,-0.0163569401,-0.04751534,
199605,1996-05-31,0.023500814,0.0298114215,-0.0090600399,0.0041883497,0.0136633341,-0.0224943,
199606,1996-06-30,-0.0116736132,-0.0393780429,0.0237244999,0.0040076091,0.0184384545,-0.05448895,
199607,1996-07-31,-0.059385113,-0.0451658273,0.0543654278,0.0044092523,0.0003686268,0.00622302,
199608,1996-08-31,0.0277778576,0.0237011705,-0.007890574,0.0041883497,0.0009159025,0.00576638,
199609,1996-09-30,0.0498081752,-0.009626896,-0.0265516822,0.0044092082,0.0290027546,-0.019915,
199610,1996-10-31,0.0088969315,-0.0433485886,0.0495182286,0.0041482075,0.0344794254,-0.0090988,
199611,1996-11-30,0.0622857068,-0.0382032464,0.0136826132,0.0040076091,-0.0182342276,0.07055991,
199612,1996-12-31,-0.01667346,0.0306878167,0.0117326695,0.0046301782,-0.0008712701,-0.03576462,
199701,1997-01-31,0.0496625653,-0.019223434,-0.0151284422,0.0044092523,0.0175464856,-0.03239208,
199702,1997-02-28,-0.0049776525,-0.033173838,0.0589583958,0.0038068478,-0.0252662036,-0.03783441,
199703,1997-03-31,-0.0503210351,-0.0051384134,0.0360904384,0.0042083896,0.0028459227,0.0220283,
199704,1997-04-30,0.0402943511,-0.0564637097,0.0005039406,0.0044092523,0.0434808813,0.06034771,
199705,1997-05-31,0.0669001202,0.047417266,-0.0369508866,0.0048411252,-0.0465317452,0.0128695,
199706,1997-06-30,0.0406347073,0.0102702354,0.0140631173,0.0037868118,0.0231895105,0.01036155,
199707,1997-07-31,0.0729854308,-0.0260282747,0.0024760365,0.0041883497,0.0368384459,0.02945152,
199708,1997-08-31,-0.041197859,0.074836165,0.0117304349,0.0042084106,-0.0252105064,-0.00579011,
199709,1997-09-30,0.0533255888,0.0226251898,0.0022646706,0.0044192733,0.0157505162,-0.01326268,
199710,1997-10-31,-0.0381226662,-0.0090710817,0.0205320746,0.0041482075,0.0049858863,-0.00391782,
199711,1997-11-30,0.0294802587,-0.050184826,0.0125544405,0.0039975501,0.011726768,0.05349935,
199712,1997-12-31,0.0133533879,-0.0260906145,0.0395398894,0.0048511968,0.0449266712,0.00213297,
199801,1998-01-31,0.0015746955,-0.0107737156,-0.0165463204,0.0042083896,-0.0145508564,0.00715538,
199802,1998-02-28,0.0701153825,0.0010984172,-0.0059806427,0.0039975501,-0.0127574737,0.05686569,
199803,1998-03-31,0.0473119046,-0.0107567467,0.0130534034,0.0039674934,0.0220321282,-0.02666041,
199804,1998-04-30,0.0071349468,0.0004017887,0.00824881,0.0042084106,0.0065835815,-0.00525295,
199805,1998-05-31,-0.0306312262,-0.0346316744,0.0350078091,0.0040076091,0.0281816609,-0.00819054,
199806,1998-06-30,0.0321094326,-0.0323651621,-0.0187429839,0.0041883497,0.0739030546,0.01526897,
199807,1998-07-31,-0.0244676542,-0.0510318037,-0.0170170379,0.0039674934,0.0456267502,0.00594536,
199808,1998-08-31,-0.1606448037,-0.0659045335,0.0441498844,0.0042084106,0.0346109379,-0.03609302,
199809,1998-09-30,0.0618719312,-0.0030850386,-0.0341720176,0.0046301782,-0.0020171157,0.02689999,
199810,1998-10-31,0.0708622903,-0.0274264767,-0.0256026848,0.0033052027,-0.0627529987,0.02027144,
199811,1998-11-30,0.0604365416,0.0104237327,-0.0298348865,0.0030042788,0.0289938823,0.01919411,
199812,1998-12-31,0.0610892437,-0.0059683947,-0.0398917612,0.0037466835,0.0973988542,0.03415659,
199901,1999-01-31,0.0347578396,0.0066606063,-0.0482676299,0.0036161798,0.0177064545,0.05032729,
199902,1999-02-28,-0.0407937654,-0.062477466,0.0184098311,0.0036161798,-0.0006051785,0.02085955,
199903,1999-03-31,0.0346791855,-0.0375626774,-0.0280133085,0.0041482075,-0.0180860462,-0.00471519,
199904,1999-04-30,0.0432820122,0.037700282,0.0184077946,0.0037868118,-0.0941749996,0.08913374,
199905,1999-05-31,-0.0241970278,0.0317647278,0.0244486396,0.0034054966,-0.051527086,-0.00720826,
199906,1999-06-30,0.0485283976,0.0320887894,-0.0388810828,0.0039674934,0.0559071257,0.04348088,
199907,1999-07-31,-0.0352674513,0.0267961508,-0.0047683794,0.0037868118,0.0183824735,-0.01604955,
199908,1999-08-31,-0.0125382374,-0.0113346115,-0.0175126251,0.0039674934,0.0419763138,-0.00405103,
199909,1999-09-30,-0.0277580867,0.0354475088,-0.037243635,0.0037868118,0.0520264914,-0.0305126,
199910,1999-10-31,0.0611461482,-0.0659949909,-0.032633913,0.0037868118,0.0520802232,0.08900741,
199911,1999-11-30,0.0343839065,0.0692192805,-0.055775555,0.0035760755,0.0431459175,-0.01749778,
199912,1999-12-31,0.0770271049,0.0656196818,-0.0735574671,0.0044092523,0.1273120706,0.04421202,
200001,2000-01-31,-0.0470869437,0.0579719541,-0.018377168,0.0042083896,0.0004036455,0.01117172,
200002,2000-02-29,0.0253288647,0.2131087884,-0.0776834318,0.0044092082,0.1909144495,0.00886795,
200003,2000-03-31,0.0486633821,-0.1539352892,0.0735082526,0.0046101342,-0.0725223409,-0.00146242,
200004,2000-04-30,-0.0637355328,-0.0693090799,0.0789076526,0.004569863,-0.0886615634,-0.04338874,
200005,2000-05-31,-0.0435892676,-0.06299545,0.0472677744,0.0050722387,-0.0692387161,-0.02643651,
200006,2000-06-30,0.0468859134,0.1283324391,-0.0755862268,0.0039674934,0.1652291972,-0.03424527,
200007,2000-07-31,-0.0258305278,-0.0308642395,0.0851755739,0.0048109598,-0.0201896913,0.10993483,
200008,2000-08-31,0.0707466689,-0.0071501406,-0.0144015035,0.0050722641,0.051354873,-0.00958459,
200009,2000-09-30,-0.0543476996,-0.0193885735,0.07600209,0.0050118928,0.0259872225,-0.03850098,
200010,2000-10-31,-0.0278777048,-0.0393534241,0.0546572903,0.0055144616,-0.0476670107,0.02268829,
200011,2000-11-30,-0.1073865629,-0.0355135172,0.1380451737,0.0050521144,0.0381576138,-0.03664315,
200012,2000-12-31,0.0119321811,0.008036978,0.0690552759,0.0050118928,0.0890569328,0.0125155,
200101,2001-01-31,0.0335916297,0.0650024623,-0.0548756528,0.0054742194,-0.2126675888,0.0671759,
200102,2001-02-28,-0.1005974423,-0.0082694498,0.1388595514,0.0038068478,0.1677203743,0.04410488,
200103,2001-03-31,-0.0726257982,0.001046089,0.0663717702,0.0041883497,0.0719567874,0.07493597,
200104,2001-04-30,0.0794826908,0.005302439,-0.0496261262,0.0040076091,-0.0857415957,0.00720623,
200105,2001-05-31,0.0067307022,0.0238683599,0.0312821783,0.0033052027,0.0083334491,0.02824975,
200106,2001-06-30,-0.0195438186,0.0641589189,-0.0139747609,0.0027335519,0.0028960021,0.00863938,
200107,2001-07-31,-0.020695231,-0.0463109663,0.0587761887,0.0029441197,0.0572958851,0.03940709,
200108,2001-08-31,-0.0640849822,0.0251611816,0.0252389897,0.0029942796,0.0593171203,0.04917717,
200109,2001-09-30,-0.0922955964,-0.0682611777,0.0206984186,0.0027034047,0.1245942945,-0.09614687,
200110,2001-10-31,0.0245324839,0.0771989429,-0.0752027919,0.0023025318,-0.0750275727,0.03436219,
200111,2001-11-30,0.0753541317,-0.0037724125,0.0167851219,0.0016813447,-0.0755289539,0.0340336,
200112,2001-12-31,0.0161008476,0.0451558492,0.0110253439,0.0014009314,-0.0106085849,0.06832721,
200201,2002-01-31,-0.0145130715,0.0103162672,0.0350875477,0.0014710295,0.051680879,-0.01381893,
200202,2002-02-28,-0.0228863348,-0.0128545835,0.0262658409,0.0013308382,0.0579899626,0.01875624,
200203,2002-03-31,0.0426194143,0.0397105301,0.0092587214,0.0014009314,-0.0085319263,0.09067946,
200204,2002-04-30,-0.0521029954,0.0600348911,0.0425458736,0.0015411324,0.0885898119,0.05186019,
200205,2002-05-31,-0.0137836894,-0.03341144,0.0147832293,0.0015411324,0.031705685,0.05181003,
200206,2002-06-30,-0.0724960469,0.0434609302,0.0003234317,0.0012006842,0.0759467625,-0.0110301,
200207,2002-07-31,-0.0815120167,-0.060332334,-0.0380192977,0.0015411324,0.0325707123,-0.05821796,
200208,2002-08-31,0.0050436008,-0.0305153854,0.0294119693,0.0013208319,0.0018449298,0.00649224,
200209,2002-09-30,-0.1034235385,0.0254908231,0.0175835549,0.0014009314,0.077272132,-0.01369389,
200210,2002-10-31,0.0780829426,-0.0348660245,-0.0386495881,0.0013809112,-0.0849347731,0.03624659,
200211,2002-11-30,0.0592042694,0.03046019,-0.014052962,0.0012006842,-0.1542255367,0.03130342,
200212,2002-12-31,-0.0573610218,-0.0007799243,0.0245710924,0.0010505252,0.1020012053,-0.01317645,
200301,2003-01-31,-0.0258160794,0.0124020515,-0.0085389193,0.0010505252,0.0061321833,-0.02752884,
200302,2003-02-28,-0.0187869246,-0.0051259632,-0.012768264,0.0009504276,0.0153521901,0.00942072,
200303,2003-03-31,0.0110964955,0.0070397181,-0.0209301771,0.0010505252,0.0109047923,0.00023824,
200304,2003-04-30,0.0819749779,0.0051903725,0.0078116,0.0010505252,-0.0804569254,0.0394997,
200305,2003-05-31,0.0601804612,0.0414845492,0.0003954961,0.0008403361,-0.0852271775,0.00823462,
200306,2003-06-30,0.0142994116,0.0174647746,0.0032564434,0.0010505252,-0.0056209411,-0.00849397,
200307,2003-07-31,0.02337827,0.0502205088,-0.0116825934,0.0006602079,0.0058115279,0.07017482,
200308,2003-08-31,0.0235718578,0.0261911295,0.0153379591,0.000630189,0.0046923365,0.04095366,
200309,2003-09-30,-0.0125869596,0.0069637092,0.0009567172,0.0008403361,-0.0085520089,-0.00853438,
200310,2003-10-31,0.0605235616,0.0252885366,0.0173951715,0.0006902277,0.0496287977,0.01757381,
200311,2003-11-30,0.0136824759,0.0198360597,0.0175737892,0.0007602737,0.0100973246,0.00388611,
200312,2003-12-31,0.0427010909,-0.025735082,0.0158850807,0.0008803697,-0.0589506772,-0.0036277,
200401,2004-01-31,0.021579586,0.0241359777,0.0241384824,0.000600171,0.0150149403,-0.05535226,
200402,2004-02-29,0.014043766,-0.0148899767,0.0085587283,0.0005701539,-0.0150157451,0.019784,
200403,2004-03-31,-0.0132594559,0.0186429987,0.0027377801,0.0009204049,0.0002159302,0.02585869,
200404,2004-04-30,-0.0183836538,-0.0176230063,-0.030698668,0.0008403361,-0.0422403044,-0.01941858,
200405,2004-05-31,0.0119933567,-0.0018736543,-0.0024700425,0.000600171,0.0102111141,0.00523792,
200406,2004-06-30,0.018558824,0.0224683049,0.0117210882,0.0008403361,0.02187982,0.02329126,
200407,2004-07-31,-0.0407238747,-0.0384882444,0.035150061,0.0010505252,-0.0063765133,0.0758688,
200408,2004-08-31,0.000507357,-0.0149581623,0.0095689985,0.0011005777,-0.0100104538,0.05541018,
200409,2004-09-30,0.0159581069,0.0303023359,-0.001229587,0.0010505252,0.0478057426,0.0024262,
200410,2004-10-31,0.0141825718,0.0007047875,-0.0033149676,0.0010505252,-0.0190998698,-0.0013359,
200411,2004-11-30,0.045596736,0.0358708902,0.0146271734,0.0014710295,0.0259613837,0.01181586,
200412,2004-12-31,0.0344134888,-0.0007009963,-0.0016052614,0.0015411324,-0.0273029956,-0.03279303,
200501,2005-01-31,-0.0276823149,-0.0161435876,0.0221649874,0.0016012166,0.0353213935,0.03836039,
200502,2005-02-28,0.0187316145,-0.0049264372,0.014323613,0.0017113858,0.0435212545,0.04569122,
200503,2005-03-31,-0.0195016823,-0.0144908344,0.0224538127,0.0022023115,0.0055719748,0.00140555,
200504,2005-04-30,-0.0261658175,-0.040483122,0.0003314259,0.0021021013,-0.0051942481,-0.05208414,
200505,2005-05-31,0.0366010239,0.0272120056,-0.0058739099,0.0023125428,0.0010840919,0.00557121,
200506,2005-06-30,0.005637244,0.0248413957,0.0278930928,0.0022023115,0.0217078958,0.04351283,
200507,2005-07-31,0.039411339,0.0286131012,-0.0080367008,0.002402738,0.0076272221,0.02228825,
200508,2005-08-31,-0.0122919486,-0.0097448293,0.0124445585,0.0029942796,0.0268755158,0.02368731,
200509,2005-09-30,0.0045759316,-0.0061046724,0.0073728581,0.0029441197,0.0364049157,0.03210042,
200510,2005-10-31,-0.0204721074,-0.0119096394,0.0034486414,0.0027335519,-0.0167595226,-0.0443339,
200511,2005-11-30,0.0360343728,0.0099311344,-0.0120700309,0.0031547295,-0.0009157696,0.0052563,
200512,2005-12-31,-0.0024318436,-0.0045256077,0.0019723058,0.0031547295,0.0054547314,-0.0023157,
200601,2006-01-31,0.0303839333,0.0525133493,0.0085971209,0.0034054966,0.0375831618,0.02587337,
200602,2006-02-28,-0.0028325526,-0.0039676465,-0.0030470842,0.0034255461,-0.0142279781,-0.01858655,
200603,2006-03-31,0.0145135617,0.034243595,0.0054841115,0.0036864841,0.0114946956,0.01001562,
200604,2006-04-30,0.0071374613,-0.0133492933,0.0234191672,0.0036161798,0.0043838267,0.01515045,
200605,2006-05-31,-0.0354869501,-0.0318611005,0.0265785947,0.0044092523,-0.0429798591,0.02696833,
200606,2006-06-30,-0.0038198829,-0.002157659,0.0086944621,0.0039674934,0.0059947416,0.03532918,
200607,2006-07-31,-0.007649661,-0.0387533267,0.0264300514,0.0040076091,-0.0098953898,0.05356303,
200608,2006-08-31,0.0204056702,0.0105030879,-0.0192866114,0.0041482075,-0.03417203,-0.04043587,
200609,2006-09-30,0.0184728214,-0.0124651319,0.000661852,0.0040076091,-0.0096638346,-0.00612046,
200610,2006-10-31,0.0322391833,0.0162704208,-0.002454056,0.0039674934,-0.0098110216,0.04816679,
200611,2006-11-30,0.0168937884,0.0081996526,0.0005602273,0.0042084106,-0.0046495223,0.01679226,
200612,2006-12-31,0.0086466088,-0.0109985387,0.0268923744,0.0040076091,0.0101197523,-0.00944379,
200701,2007-01-31,0.0142514768,0.0018913252,-0.0064369127,0.0044092082,-0.0031518702,0.01448124,
200702,2007-02-28,-0.0196440236,0.0134945427,-0.0016386773,0.0038068478,-0.010503817,0.03007722,
200703,2007-03-31,0.006819377,0.0009976607,-0.0080986186,0.0041883497,0.0307960222,0.02356034,
200704,2007-04-30,0.0345999874,-0.0208982988,-0.0133586044,0.0044092082,-0.0042399683,0.00847236,
200705,2007-05-31,0.0323373628,0.0026862576,-0.0062128164,0.0039674934,-0.0008653184,0.02482965,
200706,2007-06-30,-0.0195118245,0.0074523814,-0.0111567515,0.0039975901,0.0068209502,0.01488787,
200707,2007-07-31,-0.0373645705,-0.0258354218,-0.0369718553,0.0039975901,0.0306207865,0.03001257,
200708,2007-08-31,0.0093217903,-0.0020031555,-0.0196414118,0.0041482075,0.0066454208,-0.01704502,
200709,2007-09-30,0.0322037503,-0.0215982398,-0.0214403574,0.0032349467,0.0458514143,0.03375692,
200710,2007-10-31,0.0180061997,0.0024133972,-0.026736505,0.0032249637,0.0559918525,0.05527637,
200711,2007-11-30,-0.0476848373,-0.0283770646,-0.0118012125,0.0033653815,0.0110171743,0.01185688,
200712,2007-12-31,-0.0085415823,0.0017336873,-0.0060408098,0.0028037271,0.0662206341,0.05016117,
200801,2008-01-31,-0.0634058951,-0.0091824144,0.0405490943,0.0021021013,-0.101516408,-0.12464677,
200802,2008-02-29,-0.0308084188,-0.0031100449,-0.0076581678,0.0014009314,0.0778512087,0.00570883,
200803,2008-03-31,-0.0092514098,0.0084667322,0.0003044342,0.0018015398,0.0312842139,0.06220604,
200804,2008-04-30,0.0458710193,-0.0157711867,-0.0088740334,0.0017614792,-0.0044858875,0.10850528,
200805,2008-05-31,0.0187173453,0.0301714819,-0.0136584168,0.0016813447,0.0420026235,0.06724338,
200806,2008-06-30,-0.0843540577,0.0124763747,-0.0293719242,0.0016813447,0.1566385998,0.05542485,
200807,2008-07-31,-0.0072052759,0.0231901193,0.0588057769,0.0015411324,-0.0724533565,-0.09005918,
200808,2008-08-31,0.0153036914,0.0331564643,0.0167034596,0.0012607563,-0.0421194484,0.01547069,
200809,2008-09-30,-0.0934514125,-0.023038617,0.0814858801,0.0014710295,-0.008696953,-0.12729462,
200810,2008-10-31,-0.171696388,-0.0353575003,-0.0234996812,0.0009204049,0.0963767877,-0.07759627,
200811,2008-11-30,-0.0772764264,-0.0366810508,-0.0615067472,0.0001900171,0.0352652639,-0.06049788,
200812,2008-12-31,0.0177598185,0.0368697278,0.0098655719,0.0,-0.0591760344,-0.07735741,
200901,2009-01-31,-0.0824725918,0.0034905945,-0.1130477067,0.0,-0.0257733806,0.04792359,
200902,2009-02-28,-0.1011096302,0.0008718082,-0.0693257811,0.0001900171,0.0492813387,0.00317325,
200903,2009-03-31,0.089777029,-0.0042316328,0.0453236842,0.0002200231,-0.1426644822,-0.03729287,
200904,2009-04-30,0.1016728055,0.0460226322,0.0494598108,0.000210021,-0.2685094614,0.03227874,
200905,2009-05-31,0.0520149729,-0.0255585511,0.0072068543,0.0,-0.1291081668,0.04611157,
200906,2009-06-30,0.0043136223,0.0254915659,-0.0245906852,0.0,0.037558074,-0.039083,
200907,2009-07-31,0.0773634767,0.0173805303,0.0475986007,0.0002200231,-0.0528550133,0.01423822,
200908,2009-08-31,0.0333972052,-0.0101579823,0.0762661526,0.000210021,-0.0873819781,-0.02618198,
200909,2009-09-30,0.0407261509,0.0232483966,0.0099988643,0.0,-0.0418537955,0.06417523,
200910,2009-10-31,-0.0255974863,-0.0410984955,-0.039946584,0.0,-0.0094227176,0.06779421,
200911,2009-11-30,0.0556522545,-0.0240738932,-0.0014149566,0.0,0.004392173,-0.00784823,
200912,2009-12-31,0.0275841369,0.058911618,4.9557e-05,0.0,0.0284073744,0.0053282,
201001,2010-01-31,-0.033790365,0.0031711205,0.0040783811,0.0,-0.0564397596,-0.01306015,
201002,2010-02-28,0.0341896254,0.0111323572,0.03157467,0.0,0.0439820623,0.00242064,
201003,2010-03-31,0.0628176051,0.0136652442,0.0208290598,0.0,0.0360526728,-0.0603326,
201004,2010-04-30,0.0200726949,0.047731275,0.029121555,0.000210021,0.0273080227,0.00068506,
201005,2010-05-31,-0.0789704733,0.0031559167,-0.022545566,0.000200019,0.0065035419,-0.02796346,
201006,2010-06-30,-0.0557649447,-0.0187422216,-0.0456779746,0.0002200231,-0.0284421715,0.00943466,
201007,2010-07-31,0.0691680409,0.0027081724,-0.0020016649,0.000210021,0.0068731436,0.0356417,
201008,2010-08-31,-0.0478796456,-0.0303599685,-0.0202109612,0.0002200231,0.0083620458,0.04128929,
201009,2010-09-30,0.0953282094,0.0367197696,-0.0284912995,0.000210021,0.0101686327,0.02392887,
201010,2010-10-31,0.0388589354,0.0110179108,-0.0246861886,0.000210021,0.0108200241,0.02499808,
201011,2010-11-30,0.0060254526,0.0373349838,-0.0092595776,0.000210021,0.0281113142,0.02230162,
201012,2010-12-31,0.0681072828,0.0059701339,0.0352377391,0.0002200231,-0.0276235208,0.0248009,
201101,2011-01-31,0.0200035671,-0.0241754982,0.0074703373,0.0,-0.0045486699,0.01065353,
201102,2011-02-28,0.034972649,0.0156940031,0.0125755554,0.0001900171,0.0190195697,-0.01067225,
201103,2011-03-31,0.0046390548,0.0261769232,-0.016276004,0.0,0.0337520013,0.00162564,
201104,2011-04-30,0.0291638516,-0.0034438806,-0.0238026248,0.0,0.0023380141,-0.05765972,
201105,2011-05-31,-0.01255757,-0.0048738414,-0.0222317325,0.0,-0.0047254301,-0.02308559,
201106,2011-06-30,-0.0174572683,-0.0004733662,-0.0044439296,0.0,0.0183918919,-0.01420663,
201107,2011-07-31,-0.023528768,-0.0139764804,-0.0086199134,0.0,0.0069999274,-0.00405624,
201108,2011-08-31,-0.0599737582,-0.0282930672,-0.0247059055,0.0,-0.0029621679,-0.04074205,
201109,2011-09-30,-0.0759677148,-0.0343195754,-0.0152747882,0.0,0.0231692259,-0.073599,
201110,2011-10-31,0.1136692182,0.0325299215,0.002066553,0.0,-0.0486961542,0.08841387,
201111,2011-11-30,-0.0032291254,0.0007342826,-0.0026011463,0.0,0.0475846259,0.02953035,
201112,2011-12-31,0.0074010895,-0.0052091548,0.0178090086,0.0,0.0218194244,-0.0121882,
201201,2012-01-31,0.0506956545,0.01954396,-0.0092368011,0.0,-0.0804914245,-0.02367872,
201202,2012-02-29,0.0439528388,-0.0172787142,0.003088378,0.0,-0.0093093761,0.02976903,
201203,2012-03-31,0.0311270219,-0.0064540397,0.0115263773,0.0,0.0162182429,-0.06276077,
201204,2012-04-30,-0.0085688696,-0.0029692306,-0.008262223,0.0,0.0409252535,0.00577801,
201205,2012-05-31,-0.0622804507,0.0010950267,-0.008999047,0.0,0.0668313746,-0.00048341,
201206,2012-06-30,0.0388964565,0.0080884626,0.0060030816,0.0,-0.0149847381,0.00140522,
201207,2012-07-31,0.0077272393,-0.0259023775,-0.0005215267,0.0,0.0278663185,0.00302545,
201208,2012-08-31,0.0255223095,0.0042041767,0.0117799053,0.0,-0.0156839786,-0.00132828,
201209,2012-09-30,0.0272298808,0.0045941363,0.0151838251,0.0,-0.0134419142,-0.02670416,
201210,2012-10-31,-0.0173058487,-0.0110839386,0.0377786714,0.0,0.0004715117,5.951e-05,
201211,2012-11-30,0.0077540885,0.0053031279,-0.0092068174,0.0,0.0019056809,-0.02064524,
201212,2012-12-31,0.0116773365,0.0144531093,0.0353811038,0.000200019,-0.0212247957,0.01401274,
201301,2013-01-31,0.0558447452,0.0031708561,0.0085586674,0.0,-0.0163993746,-0.02552632,
201302,2013-02-28,0.0127272336,-0.0038414525,0.0009077997,0.0,0.0162757349,-0.0066438,
201303,2013-03-31,0.0402379851,0.0070589821,-0.0016703254,0.0,0.0233608986,0.0058917,
201304,2013-04-30,0.0154800446,-0.0233017126,0.0057748211,0.0,0.0026374139,-0.02093377,
201305,2013-05-31,0.0282318566,0.0160757988,0.0260227021,0.0,-0.007154638,0.0033741,
201306,2013-06-30,-0.0120278121,0.0118479335,-2.0305e-05,0.0,0.0028834394,-0.01497155,
201307,2013-07-31,0.0561409197,0.0175385938,0.0055660517,0.0,0.0178490648,0.00220108,
201308,2013-08-31,-0.0269843644,0.0034633805,-0.0272107216,0.0,-0.0021212503,0.01323187,
201309,2013-09-30,0.0375891565,0.0276787314,-0.0113521412,0.0,0.0343193496,-0.01834883,
201310,2013-10-31,0.0416708087,-0.0144343576,0.0115795066,0.0,-8.87681e-05,-0.0209795,
201311,2013-11-30,0.0311968801,0.0115412003,0.0027201315,0.0,-0.0001110677,-0.02898527,
201312,2013-12-31,0.0282299285,-0.0056527829,-0.0004566192,0.0,7.25648e-05,-0.00027609,
201401,2014-01-31,-0.0332682074,0.0096116141,-0.0210065907,0.0,0.0139833107,0.02553811,
201402,2014-02-28,0.046240243,0.0031720081,-0.0040144693,0.0,0.0187302661,-0.00932216,
201403,2014-03-31,0.0042160028,-0.0182725271,0.0498648604,0.0,-0.0324444081,0.0237031,
201404,2014-04-30,-0.0023444182,-0.0414471616,0.0109162569,0.0,-0.0412122288,-0.04995614,
201405,2014-05-31,0.0206695938,-0.0184315644,-0.0012473828,0.0,0.0170884105,2.498e-05,
201406,2014-06-30,0.026376134,0.0301036194,-0.0063470213,0.0,0.003343734,0.01384509,
201407,2014-07-31,-0.0204151402,-0.0430499022,-0.0008945581,0.0,-0.013315781,-0.00776938,
201408,2014-08-31,0.0425049258,0.0035372299,-0.0055564895,0.0,0.0100473239,0.00240653,
201409,2014-09-30,-0.0193016781,-0.0372425419,-0.0152898066,0.0,0.0130077997,0.01448725,
201410,2014-10-31,0.0251823508,0.0408620233,-0.0163737873,0.0,0.0033991256,0.0463323,
201411,2014-11-30,0.0255335486,-0.0201137282,-0.0282711984,0.0,0.0252809851,-0.01365758,
201412,2014-12-31,-0.0005343084,0.0252014256,0.0217714252,0.0,0.0132193495,0.02740803,
201501,2015-01-31,-0.03067383,-0.0057779647,-0.0353642871,0.0,0.0257406279,-0.01779216,
201502,2015-02-28,0.0613970755,0.0049312445,-0.0178442576,0.0,-0.0290380623,-0.01543352,
201503,2015-03-31,-0.0113200098,0.0303114127,-0.0047377174,0.0,0.0242036866,0.00286645,
201504,2015-04-30,0.0060067688,-0.0298618114,0.0182457384,0.0,-0.0643674181,0.00379702,
201505,2015-05-31,0.0133874017,0.0092326632,-0.0115942512,0.0,0.0583192699,0.03364162,
201506,2015-06-30,-0.015129646,0.0290768624,-0.0074645856,0.0,0.0391542052,0.01529581,
201507,2015-07-31,0.0156294674,-0.0405715069,-0.0426529882,0.0,0.0902948049,0.00922343,
201508,2015-08-31,-0.0605740438,0.0034393866,0.0279084835,0.0,-0.029721257,0.00159844,
201509,2015-09-30,-0.0310074066,-0.0274670611,0.0045353712,0.0,0.0641256478,0.00539347,
201510,2015-10-31,0.0774765023,-0.0182224584,-0.0028492124,0.0,-0.0388382467,-0.0615408,
201511,2015-11-30,0.0056637592,0.0365183921,-0.0048257728,0.0,0.01272657,0.03697156,
201512,2015-12-31,-0.02145665,-0.0296070217,-0.0257335226,0.0,0.0291831703,-0.00407437,
201601,2016-01-31,-0.0577379479,-0.0353053249,0.0224393297,0.0,0.009883185,-0.04529135,
201602,2016-02-29,-0.0007053372,0.0086016307,-0.0064168777,0.000200019,-0.0558160616,-0.02691575,
201603,2016-03-31,0.0694957294,0.0081164308,0.0096543091,0.0002200231,-0.0502737038,-0.01799166,
201604,2016-04-30,0.0091896065,0.007091052,0.0329010733,0.0,-0.0515872677,0.01915936,
201605,2016-05-31,0.018022644,-0.0023086231,-0.0174624208,0.000210021,0.0151800822,-0.00902774,
201606,2016-06-30,-0.0004107494,0.0068101764,-0.0141370246,0.0002200231,0.0408412118,0.02012421,
201607,2016-07-31,0.0394796804,0.0252951377,-0.011393633,0.000200019,-0.0394819114,-0.01290993,
201608,2016-08-31,0.0049448339,0.0116205965,0.0320886491,0.0002300253,-0.0329966075,0.00593376,
201609,2016-09-30,0.002329488,0.0207883635,-0.0120687819,0.000210021,0.0048804729,0.02603958,
201610,2016-10-31,-0.0203990232,-0.0446603262,0.0428017406,0.000210021,0.0074003901,-0.01267956,
201611,2016-11-30,0.0487054342,0.0521767947,0.0769367934,0.000210021,-0.028237706,0.02104464,
201612,2016-12-31,0.0180738655,0.0012688819,0.0345676401,0.000210021,-0.0148324856,-0.02617386,
201701,2017-01-31,0.0196720607,-0.0100040623,-0.027009363,0.000400076,-0.0010251909,0.00658779,
201702,2017-02-28,0.0357830556,-0.0197460238,-0.0169072882,0.0003800684,-0.0155309554,-0.04900065,
201703,2017-03-31,0.0016528727,0.011997218,-0.031395404,0.0002300253,-0.0077772274,-0.03731409,
201704,2017-04-30,0.0108217094,0.0076436806,-0.0194776957,0.0005701539,0.0054561946,-0.01783388,
201705,2017-05-31,0.01066043,-0.0248158168,-0.0373656575,0.0006602079,0.0219527664,-0.02653141,
201706,2017-06-30,0.0081612777,0.0212681099,0.0137905015,0.0006602079,0.0035787311,0.00671422,
201707,2017-07-31,0.0188374723,-0.0142353676,-0.0032465932,0.0008003041,0.0186082074,0.01200047,
201708,2017-08-31,0.0018915015,-0.0154807109,-0.0232941709,0.0009204049,0.0461876758,-0.02368769,
201709,2017-09-30,0.0252611486,0.0436728422,0.0303385296,0.0010004751,-0.0132333362,-0.00297494,
201710,2017-10-31,0.0227221547,-0.0187737275,0.0004687889,0.0008803697,0.0541313158,-0.03785089,
201711,2017-11-30,0.0312784301,-0.0057425346,-0.0004755057,0.0008403361,-0.0136876936,0.00648892,
201712,2017-12-31,0.01061574,-0.0129168882,0.0027100608,0.0008003041,-0.0128541441,0.03916713,
201801,2018-01-31,0.0557050193,-0.0294564979,-0.0119164228,0.0010505252,0.0295235597,-0.01426162,
201802,2018-02-28,-0.0364459984,0.0022080646,-0.0107531179,0.0011406158,0.0408913857,0.02313434,
201803,2018-03-31,-0.0235457566,0.0408031146,-0.0017248052,0.0012607563,-0.0106720663,0.0020909,
201804,2018-04-30,0.0027064459,0.0107420486,0.0040240754,0.0014710295,0.0110764053,0.0311278,
201805,2018-05-31,0.0264124199,0.0511983753,-0.0297595943,0.0013208319,0.0314334889,0.03830835,
201806,2018-06-30,0.0046656889,0.0119387163,-0.0226573182,0.0012607563,-0.0254716529,-0.00363925,
201807,2018-07-31,0.0321743999,-0.0214079204,0.0049370411,0.0016813447,-0.0061936722,-0.00138384,
201808,2018-08-31,0.0344196231,0.010260989,-0.0373272195,0.0016112403,0.0519666387,-0.0245822,
201809,2018-09-30,0.0008710142,-0.0225427369,-0.0175177051,0.0015210949,-0.0044311032,0.00403882,
201810,2018-10-31,-0.0766673638,-0.0519500942,0.0381214213,0.0018416201,-0.017461161,-0.01147793,
201811,2018-11-30,0.0169959336,-0.0072963697,0.0005563031,0.0016813447,-0.0053010014,0.03201622,
201812,2018-12-31,-0.0952826001,-0.0278272966,-0.0221197558,0.001901711,0.0321525337,-0.00434309,
201901,2019-01-31,0.0839569742,0.0267827768,-0.0058823395,0.0021021013,-0.0737740324,0.03639193,
201902,2019-02-28,0.0338776256,0.0205083683,-0.0258971389,0.001901711,-0.0047946072,-0.00667559,
201903,2019-03-31,0.0108077323,-0.0296394773,-0.0421899106,0.001891702,0.0155974448,-0.0048431,
201904,2019-04-30,0.0394409308,-0.0166010798,0.0189022416,0.0021021013,-0.0188183526,-0.0271772,
201905,2019-05-31,-0.0692582373,-0.0128467876,-0.0235344863,0.0019818722,0.1009162311,-0.01256093,
201906,2019-06-30,0.0694033714,0.0020153928,-0.0083351928,0.0018015398,-0.0200630706,-0.0237127,
201907,2019-07-31,0.0122592781,-0.0201745541,0.0031565061,0.0019818722,0.0292674691,-0.00983764,
201908,2019-08-31,-0.0255759401,-0.024663525,-0.0502898553,0.0015411324,0.0817656897,-0.01478507,
201909,2019-09-30,0.0141291896,-0.0096838174,0.0685734566,0.0018015398,-0.0694955453,-0.03895158,
201910,2019-10-31,0.0207152553,0.0027176077,-0.020195554,0.0016112403,0.0044195313,-0.00169917,
201911,2019-11-30,0.038751649,0.0077694296,-0.0182598852,0.0012006842,-0.0327577313,0.01198894,
201912,2019-12-31,0.0276235012,0.0070280617,0.018963119,0.0014710295,-0.0163905734,0.00029492,
202001,2020-01-31,-0.0009625207,-0.0312849935,-0.0631349707,0.0012607563,0.0776709598,-0.00487802,
202002,2020-02-29,-0.0812131923,0.0110278965,-0.0427637356,0.0011406158,0.0138103941,0.0219176,
202003,2020-03-31,-0.1337004014,-0.0593503676,-0.1485880698,0.0013208319,0.086250275,-0.14708832,
202004,2020-04-30,0.1356436889,0.0271407661,-0.0090101732,0.0,-0.1222853429,0.13153574,
202005,2020-05-31,0.0559920663,0.0243654241,-0.0433525057,0.0,-0.020182835,0.05717267,
202006,2020-06-30,0.0251702527,0.0282774184,-0.0174117174,0.0,-0.0317453013,0.06217612,
202007,2020-07-31,0.057268879,-0.0204887084,-0.0140421681,0.0,0.0589254031,-0.01202724,
202008,2020-08-31,0.076499473,-0.0022683492,-0.0281706055,0.0,-0.0008500854,0.03476342,
202009,2020-09-30,-0.0361446587,0.0011882601,-0.0290549597,0.0,0.0354137384,-0.01195429,
202010,2020-10-31,-0.0210108389,0.0439795532,0.038727227,0.0,-0.0376884858,0.03863318,
